gap_id,severity,topic,status,evidence_ref,source_refs,source_url,archive_sha256,license,public_action,note
correction:kinshasa-deconfirmation:2026-05-17,critical,Kinshasa case status,corrected_in_source_manifest,source_manifest:who-pheic-2026-05-17-live,who-pheic-2026-05-17-live,https://www.who.int/news/item/17-05-2026-epidemic-of-ebola-disease-in-the-democratic-republic-of-the-congo-and-uganda-determined-a-public-health-emergency-of-international-concern,e1f8ea89d80de061e8f79bb8e60d96bd98d68ddf676bad9ef03469adf536dd51,CC-BY-NC-SA-3.0-IGO,Exclude Kinshasa from confirmed-case counts unless a later primary source reconfirms it.,WHO PHEIC update says the reported Kinshasa case tested negative on confirmatory INRB testing and is not a confirmed case.
BDBV-CLAIM-001,important,Imperial report license,needs primary source,BDBV-CLAIM-001,"Archived Imperial MRC GIDA report landing page; local archive content hash SHA-256 647610bf3450407ec3313e2a17642b0ee9cbec7f14c72665318993f06acaf8b4.; Imperial College MRC Centre for Global Infectious Disease Analysis, main site, checked 2026-05-20.",https://www.imperial.ac.uk/mrc-global-infectious-disease-analysis/research-themes/preparedness-and-response-to-emerging-threats/report-ebola-18-05-2026/; https://www.imperial.ac.uk/mrc-global-infectious-disease-analysis/,,,"Byte-archive the Imperial report PDF (or its license footer) to confirm CC BY-NC-ND 4.0 directly. Until then the value is the conservative assumption, not a byte-verified quote.",The archived Imperial College MRC GIDA 18 May 2026 report is recorded under a restricted-use CC BY-NC-ND 4.0 assumption pending the primary license footer.
BDBV-CLAIM-002,resolved,Who content license,corrected,BDBV-CLAIM-002,"World Health Organization. Copyright and permissions policy. who.int/about/policies/publishing/copyright.; WHO Disease Outbreak News item 2026-DON602, archived 2026-05-20 (SHA-256 8b7fb1e1c8403b7a6015c804a3cd818c04b649ca23d791fe957e59119818218f).",https://www.who.int/about/policies/publishing/copyright; https://www.who.int/emergencies/disease-outbreak-news/item/2026-DON602,,,Reconciled. Reopen only if WHO publishes a page-level CC notice for Disease Outbreak News that differs from the standard CC BY-NC-SA 3.0 IGO publications license.,WHO Disease Outbreak News and situation-report content archived in this repo is licensed CC BY-NC-SA 3.0 IGO.
BDBV-CLAIM-016,important,Imperial table 3 row summary discrepancy,needs primary source,BDBV-CLAIM-016,"Imperial College MRC GIDA and WHO. Estimation of the size of the outbreak of Ebola disease caused by Bundibugyo virus in DRC. 18 May 2026.; WHO AFRO Weekly External Situation Report 01, data as of 18 May 2026.; Restricted local review notes for Imperial Table 3; not redistributed in the public repository.",restricted-local-review-not-redistributed; https://www.afro.who.int/countries/democratic-republic-of-congo/publication/ebola-bundibugyo-virus-disease-outbreak-democratic-republic-congo-uganda-weekly-external-situation; restricted-local-review-not-redistributed,,,"Do not redistribute the extracted Table 3 PoE dataset. Reopen only if WHO publishes the underlying epiweek 10/11/15/18 PoE passenger-count sitreps, Imperial grants permission, or Imperial issues an erratum.",Imperial Table 3's Nord Kivu summary total can be adjudicated against the underlying WHO epiweek 10/11/15/18 sitreps.
BDBV-CLAIM-048,resolved,Reporting-delay sensitivity comparator,corrected,BDBV-CLAIM-048,"Camacho A, et al. PLOS Currents Outbreaks 2015. DOI 10.1371/currents.outbreaks.406ae55e83ec0b5193e30856b9235ed2.; Cori A, et al. American Journal of Epidemiology 2013;178(9):1505-1512. DOI 10.1093/aje/kwt133.; WHO Ebola Response Team. New England Journal of Medicine 2014;371:1481-1495. DOI 10.1056/NEJMoa1411100.",https://currents.plos.org/outbreaks/article/temporal-changes-in-ebola-transmission-in-sierra-leone-and-implications-for-control-requirements-a-real-time-modelling-study/; https://doi.org/10.1093/aje/kwt133; https://doi.org/10.1056/NEJMoa1411100,,,Keep Camacho labeled as cross-species sensitivity only; do not present it as the default BDBV delay prior.,"The former Camacho 2015 EBOV-Zaire onset-to-notification prior is retained as a sensitivity comparator, not the BDBV default."
BDBV-CLAIM-049,important,BDBV reproduction prior grounding,unsupported attribution,BDBV-CLAIM-049,"Wamala JF, et al. Emerging Infectious Diseases 2010; 16(7):1087-1092. DOI 10.3201/eid1607.091525.; Van Kerkhove MD, et al. Scientific Data 2015;2:150019. DOI 10.1038/sdata.2015.19.; Lekone PE, Finkenstadt BF. Biometrics 2006;62(4):1170-1177. DOI 10.1111/j.1541-0420.2006.00609.x.",https://wwwnc.cdc.gov/eid/article/16/7/09-1525_article; https://www.nature.com/articles/sdata201519; https://doi.org/10.1111/j.1541-0420.2006.00609.x,,,Do not cite the reproduction prior as BDBV-specific R0 evidence until a direct source or explicit derivation is added.,The reproduction prior used for BDBV detection-depth modeling is not directly grounded in a BDBV-specific basic reproduction number estimate.
BDBV-CLAIM-050,important,Corridor gravity exponents,unsupported attribution,BDBV-CLAIM-050,"Backer JA, Wallinga J. PLOS Computational Biology 2016;12(12):e1005210. DOI 10.1371/journal.pcbi.1005210.; Glynn JR, et al. Journal of Infectious Diseases 2018;217(2):232-237. DOI 10.1093/infdis/jix579.; Faye O, et al. Lancet Infectious Diseases 2015;15(3):320-326. DOI 10.1016/S1473-3099(14)71075-8.; Camacho A, et al. PLOS Currents Outbreaks 2015. DOI 10.1371/currents.outbreaks.406ae55e83ec0b5193e30856b9235ed2.",https://journals.plos.org/ploscompbiol/article?id=10.1371/journal.pcbi.1005210; https://researchonline.lshtm.ac.uk/4645459/; https://research.pasteur.fr/fr/publication/chains-of-transmission-and-control-of-ebola-virus-disease-in-conakry-guinea-in-2014-an-observational-study/; https://currents.plos.org/outbreaks/article/temporal-changes-in-ebola-transmission-in-sierra-leone-and-implications-for-control-requirements-a-real-time-modelling-study/,,,Do not present the current corridor exponents as literature-grounded. Fit or calibrate them before claiming source-backed corridor discrimination.,"The corridor-gravity constants are transparent engineering heuristics, not fitted or quoted literature-grounded values."
BDBV-CLAIM-053,resolved,Cfr band correction,corrected,BDBV-CLAIM-053,"Wamala JF, et al. Emerging Infectious Diseases 2010;16(7):1087-1092. DOI 10.3201/eid1607.091525.; US CDC. History of Ebola Outbreaks.; Imperial College MRC GIDA and WHO. Estimation of the size of the BDBV outbreak in DRC: 20 May 2026 update.; Imperial College MRC GIDA and WHO. Estimation of the size of the outbreak of Ebola disease caused by Bundibugyo virus in DRC. 18 May 2026 (superseded).",https://wwwnc.cdc.gov/eid/article/16/7/09-1525_article; https://www.cdc.gov/ebola/outbreaks/index.html; https://www.imperial.ac.uk/mrc-global-infectious-disease-analysis/research-themes/preparedness-and-response-to-emerging-threats/report-ebola-update-20-05-2026/; https://www.imperial.ac.uk/mrc-global-infectious-disease-analysis/research-themes/preparedness-and-response-to-emerging-threats/report-ebola-18-05-2026/,,,Keep the CFR band linked to this audit row at 26/33/40 (central 33). Re-sync the website snapshot's methodology_constants so the live InferredTrajectory band reflects 26/40. Avoid reintroducing the 24/30/40 set or the unsupported 30-50 percent range.,"The BDBV prior-outbreak CFR scenario band is 26/33/40 percent (central 33), per the US CDC 55/169 aggregate and the Imperial 20 May 2026 update. It supersedes the 18 May 24/30/40 set and the older unsupported 30-50 percent range."
BDBV-CLAIM-054,important,Imperial reference range,needs primary source,BDBV-CLAIM-054,"Imperial College MRC GIDA and WHO. Estimation of the size of the BDBV outbreak in DRC: 20 May 2026 update.; Imperial College MRC GIDA and WHO. Estimation of the size of the outbreak of Ebola disease caused by Bundibugyo virus in DRC. 18 May 2026 (superseded).; Rosello A, et al. eLife 2015. DOI 10.7554/eLife.09015.; US CDC. History of Ebola Outbreaks.; data/bundibugyo-2026/manifest.json normalized_content for source_id imperial-mrc-gida-bdbv-2026-05-20-live.",https://www.imperial.ac.uk/mrc-global-infectious-disease-analysis/research-themes/preparedness-and-response-to-emerging-threats/report-ebola-update-20-05-2026/; https://www.imperial.ac.uk/mrc-global-infectious-disease-analysis/research-themes/preparedness-and-response-to-emerging-threats/report-ebola-18-05-2026/; https://doi.org/10.7554/eLife.09015; https://www.cdc.gov/ebola/outbreaks/index.html; restricted-local-review-not-redistributed,,,"Keep the 400 to 900 reference band linked to this audit row. Byte-archive the 20 May report PDF or capture its figure text to upgrade from needs_primary_source. Do not present 400 to 900 as byte-verified, and do not conflate it with the snapshot's own deaths-back-projection band (5153 to 7928 at deaths 1803), which is grounded by PUBLIC-CLAIM-AUDIT.","The joint WHO + Imperial College MRC GIDA total-case reference band on the inferred-trajectory chart is 400 to 900 cases in DRC (values over 1,000 not excluded), per the 20 May 2026 update, which supersedes the 18 May 400 to 800 band."
BDBV-CLAIM-091,resolved,Inrb sitrep 073 visual promotion,corrected,BDBV-CLAIM-091,"COUSP RDC / INSP. SitRep N°073/MVE B (report date 2026-07-26; cover publication 2026-07-27; WordPress post 25215/media 25216).; Uganda Ministry of Health EVD dashboard update, 2026-06-21.",https://insp.cd/wp-content/uploads/2026/07/SitRep_MVE_RDC_N%C2%B0_73_26-07-2026.pdf; https://www.health.go.ug/ebola/,,,"Relieve North Kivu treatment and transport capacity, restore missing contact/logistics reporting, and carry Tshopo contact follow-up as unavailable until a current table reports it. Keep the net death harmonization visible in every trend interpretation.","Promote visually reviewed SitRep 073 headline, operational, laboratory and coherent zone attribution. DRC reports 3262 confirmed / 1437 deaths across 48 zones, with +62 confirmed and a net +32 deaths. The detailed health-zone table supports Haut-Uele 39 and the national headline; page 2's Haut-Uele 38 is a preserved typo. Tshopo contact follow-up is unavailable despite stale adjacent prose. Nord-Kivu isolation worsened to 136.2%."
BDBV-CLAIM-092,resolved,Inrb sitrep 074 visual promotion,corrected,BDBV-CLAIM-092,"COUSP RDC / INSP. SitRep N°074/MVE B (report date 2026-07-27; cover publication 2026-07-28; WordPress post 25218/media 25219).; Uganda Ministry of Health EVD dashboard update, 2026-06-21.",https://insp.cd/wp-content/uploads/2026/07/SitRep_MVE_RDC_N%C2%B0_74_27-07-2026_OKKK.pdf; https://www.health.go.ug/ebola/,,,"Relieve Nord-Kivu treatment capacity, restore Ituri alert investigation and missing Bunia/Mutwanga contact reporting, and keep the +11 death harmonization visible in every trend interpretation.","Promote visually reviewed SitRep 074 headline, operational, laboratory and coherent zone attribution. DRC reports 3360 confirmed / 1487 deaths across 48 zones, with +98 confirmed and a net +50 deaths. Nord-Kivu's death movement includes a declared +11 harmonization; contact coverage is 82.6% from the table, not the conflicting 85.6% prose."
BDBV-CLAIM-093,resolved,Inrb sitrep 077 visual promotion,corrected,BDBV-CLAIM-093,"COUSP RDC / INSP. SitRep N077/MVE B (report date 2026-07-30; cover publication 2026-07-31; WordPress post 25234/media 25235).; Uganda Ministry of Health EVD dashboard update, 2026-06-21.",https://insp.cd/wp-content/uploads/2026/08/SitRep_MVE_RDC_N_077_30-07-2026.pdf; https://www.health.go.ug/ebola/,,,"Relieve Nord-Kivu treatment capacity, restore contact and alert performance, operationalise free essential-care support, and await explicit Wanie-Rukula harmonization before adding it to the canonical map.","Promote visually reviewed SitRep 077 headline, operational, laboratory and coherent zone attribution. DRC reports 3605 confirmed / 1587 deaths across 49 integrated zones. Kabondo is integrated; Wanie-Rukula remains pending harmonization. Source discrepancies are preserved rather than silently resolved."
BDBV-CLAIM-094,resolved,Inrb sitrep 078 visual promotion,corrected,BDBV-CLAIM-094,"COUSP RDC / INSP. SitRep N078/MVE B (report date 2026-07-31; publication 2026-08-01; WordPress post 25243/media 25244).; Uganda Ministry of Health EVD dashboard update, 2026-06-21.",https://insp.cd/wp-content/uploads/2026/08/SitRep_MVE_RDC_N_078_31-07-2026.pdf; https://www.health.go.ug/ebola/,,,"Relieve Nord-Kivu treatment capacity, restore contact and alert performance, resolve Bunia resistance, operationalise free essential-care support, and await explicit Wanie-Rukula harmonization before changing the canonical map.","Promote visually reviewed SitRep 078 headline, operational, laboratory and coherent zone attribution. DRC reports 3674 confirmed / 1621 deaths across 49 integrated zones. Wanie-Rukula remains pending harmonization and source discrepancies are preserved."
BDBV-CLAIM-095,resolved,Inrb sitrep 079 visual promotion,corrected,BDBV-CLAIM-095,"COUSP RDC / INSP. SitRep N079/MVE B (report date 2026-08-01; publication 2026-08-02; WordPress post 25246/media 25247).; Uganda Ministry of Health EVD dashboard update, 2026-06-21.",https://insp.cd/wp-content/uploads/2026/08/SitRep_MVE_RDC_N_079_01-08-2026.pdf; https://www.health.go.ug/ebola/,,,"Relieve treatment-capacity pressure, restore current-day alert/contact reporting, resolve source conflicts, protect essential services, and await explicit Wanie-Rukula harmonization before changing the canonical footprint.","Promote visually reviewed SitRep 079 headline, operational, laboratory and zone attribution while retaining official 49/140 coverage and the pending Wanie-Rukula table row."
BDBV-CLAIM-096,resolved,Inrb sitrep 080 visual promotion,corrected,BDBV-CLAIM-096,"COUSP RDC / INSP. SitRep N080/MVE B (report date 2026-08-02; publication 2026-08-03; WordPress post 25249/media 25250).; Uganda Ministry of Health EVD dashboard update, 2026-06-21.",https://insp.cd/wp-content/uploads/2026/08/SitRep_MVE_RDC_N_080_02-08-2026.pdf; https://www.health.go.ug/ebola/,,,"Relieve Nord-Kivu treatment-capacity pressure and restore its bed-capacity reporting, close the late-detection gap behind its 68,8% fatality rate, restore Haut-Uele and Tshopo alert and contact reporting, and ask INSP to repair Tableau 2's shifted fatality and 24-hour columns.","Promote visually reviewed SitRep 080 headline, operational, laboratory and zone attribution; expand official coverage to 51/140 as Lubero records a first confirmed case and Wanie-Rukula is integrated; promote only Tableau 2's cumulative columns because its fatality and 24-hour columns reprint the previous SitRep shifted one row."
BDBV-CLAIM-097,resolved,Inrb sitrep 081 visual promotion,corrected,BDBV-CLAIM-097,"COUSP RDC / INSP. SitRep N081/MVE B (report date 2026-08-03; publication 2026-08-04; WordPress post 25268/media 25269).; Uganda Ministry of Health EVD dashboard update, 2026-06-21.",https://insp.cd/wp-content/uploads/2026/08/SitRep_MVE_RDC_N_081_03_08_2026_VF.pdf; https://www.health.go.ug/ebola/,,,"Reverse declining contact follow-up, relieve North Kivu treatment pressure, protect essential services, and resolve the source's death, alert and isolation-classification gaps without fabricating missing status assignments.","Promote visually reviewed SitRep 081 headline, operational, laboratory and zone attribution while preserving the North Kivu death residual, alert-table conflicts and the unclassified isolation remainder."
BDBV-CLAIM-098,resolved,Inrb sitrep 082 visual promotion,corrected,BDBV-CLAIM-098,"COUSP RDC / INSP. SitRep N082/MVE B (report date 2026-08-04; publication 2026-08-05; WordPress post 25277/media 25278).; Uganda Ministry of Health EVD dashboard update, 2026-06-21.",https://insp.cd/wp-content/uploads/2026/08/SitRep_MVE_RDC_N_082_04_08_2026.pdf; https://www.health.go.ug/ebola/,,,"Recover Ituri alert investigation from 49.0% and Tshopo's absent daily reporting, lift national contact follow-up from 75.3%, bring the new 120-bed Rwankole CTE into service against three saturated Ituri structures, and ask INSP to reconcile the frontline-worker register.","Promote visually reviewed SitRep 082 headline, operational, laboratory and zone attribution at an unchanged 51-zone footprint; promote the notified death movement of 52 rather than the national cumulative step of 50, which is depressed by the correction of a two-death Nord-Kivu overstatement carried in SitRep 081."
BDBV-CLAIM-099,resolved,Inrb sitrep 083 visual promotion,corrected,BDBV-CLAIM-099,"COUSP RDC / INSP, SitRep N083/MVE B (report date 2026-08-05; WordPress post 25296/media 25297).; Uganda Ministry of Health EVD dashboard update, 2026-06-21.",https://insp.cd/wp-content/uploads/2026/08/SitRep_MVE_RDC_N_083_05-08-2026.pdf; https://www.health.go.ug/ebola/,,,"Expand surveillance and preparedness in Gombari and Bafwasende while closing contact-follow-up, IPC, transport, laboratory, financing, and CTE capacity gaps.",Promote visually reviewed SR83 headline and 53-zone attribution while rejecting the isolated page-3 1851-death defect.
BDBV-CLAIM-100,resolved,Inrb sitrep 084 compact promotion,corrected,BDBV-CLAIM-100,"COUSP RDC / INSP, SitRep N084 (data 2026-08-06; WordPress post 25299/media 25300).",https://insp.cd/wp-content/uploads/2026/08/SITREP_MVEBDB_084_060826.pdf,,,Continue source cadence monitoring and require a reviewed detailed table before advancing zone-level attribution beyond SR83.,Promote reviewed compact SR84 national/province and operational figures without inventing omitted health-zone or isolation-status detail.
BDBV-CLAIM-104,resolved,Inrb sitrep 088 visual promotion,corrected,BDBV-CLAIM-104,"INSP RDC, Rapport de Situation MVE N 088 (Date de rapportage 10 aout 2026, Date de publication 11 aout 2026), eight-page PDF.",https://insp.cd/wp-content/uploads/2026/08/SITREP_MVEBDB_088_10_08_2026_11.pdf,,,Confirm the eight-page PDF layout persists in later editions before treating it as the settled publication format.,"Promote SitRep 88 as a full-format RESTATEMENT of 2026-08-10, the reporting day SitRep 87 already covered, and take its per-health-zone table as current zone attribution in place of the SitRep 83 carry."
BDBV-CLAIM-105,resolved,Inrb sitrep 089 visual promotion,corrected,BDBV-CLAIM-105,"INSP RDC, Rapport de Situation MVE N 089 (Date de rapportage 11 aout 2026, Date de publication 12 aout 2026), eight-page PDF.",https://insp.cd/wp-content/uploads/2026/08/SITREP_MVEBDB_089_11_08_2026.pdf,,,Reconcile the disclosed province-column excess and the Ituri death gap against the next edition to see whether INSP corrects them upstream.,Promote SitRep 89 headline and 53-zone attribution while preserving three printed arithmetic defects and one malformed cell rather than reconciling them.
BDBV-CLAIM-106,resolved,Inrb sitrep 090 visual promotion,corrected,BDBV-CLAIM-106,"INSP RDC, Rapport de Situation MVE N 090 (Date de rapportage 12 aout 2026, Date de publication 13 aout 2026), nine-page PDF.",https://insp.cd/wp-content/uploads/2026/08/SITREP_MVEBDB_090_12_08_2026.pdf,,,Confirm against the next edition whether Bas-Uele gains an alert row and whether Nord-Kivu resumes points-of-entry reporting.,"Promote SitRep 90 headline and 54-zone attribution, open Bas-Uele as the sixth affected province, and preserve the edition's printed arithmetic defects rather than reconciling them."
BDBV-CLAIM-107,resolved,Inrb sitrep 091 visual promotion,corrected,BDBV-CLAIM-107,"INSP RDC, Rapport de Situation MVE N 091 (Date de rapportage 13 aout 2026, Date de publication 14 aout 2026), nine-page PDF.",https://insp.cd/wp-content/uploads/2026/08/91.pdf,,,"Check whether Bas-Uele and Tshopo alert rows are populated in the next edition, and whether INSP resumes numbering its PDF filenames.","Promote SitRep 91 headline and 55-zone attribution, add the Tshopo health zone, and preserve the edition's reporting-coverage and freshness caveats rather than smoothing them."
