lovs_zone_id,inrb_canonical_nom,as_of_data_date,confirmed,confirmed_deaths,present_in_insp_classification,inrb_collapsed_from,source_id,method_basis
adja,Adja,2026-10-07,12,1,present_with_data,"[""Adja""]",inrb-sitrep-146-2026-10-07,reviewed_INSP_SitRep_146_Table_1_per_health_zone_v1
alimbongo,Alimbongo,2026-10-07,5,3,present_with_data,"[""Alimbongo""]",inrb-sitrep-146-2026-10-07,reviewed_INSP_SitRep_146_Table_1_per_health_zone_v1
ariwara,Ariwara,2026-10-07,8,2,present_with_data,"[""Ariwara""]",inrb-sitrep-146-2026-10-07,reviewed_INSP_SitRep_146_Table_1_per_health_zone_v1
aru,Aru,2026-10-07,8,6,present_with_data,"[""Aru""]",inrb-sitrep-146-2026-10-07,reviewed_INSP_SitRep_146_Table_1_per_health_zone_v1
aungba,Aungba,2026-10-07,12,5,present_with_data,"[""Aungba""]",inrb-sitrep-146-2026-10-07,reviewed_INSP_SitRep_146_Table_1_per_health_zone_v1
bafwasende,Bafwasende,2026-10-07,7,1,present_with_data,"[""Bafwasende""]",inrb-sitrep-146-2026-10-07,reviewed_INSP_SitRep_146_Table_1_per_health_zone_v1
bambu,Bambu,2026-10-07,210,47,present_with_data,"[""Bambu""]",inrb-sitrep-146-2026-10-07,reviewed_INSP_SitRep_146_Table_1_per_health_zone_v1
beni-cod,Beni,2026-10-07,420,278,present_with_data,"[""Beni""]",inrb-sitrep-146-2026-10-07,reviewed_INSP_SitRep_146_Table_1_per_health_zone_v1
biena,Biena,2026-10-07,23,7,present_with_data,"[""Biena""]",inrb-sitrep-146-2026-10-07,reviewed_INSP_SitRep_146_Table_1_per_health_zone_v1
boga,Boga,2026-10-07,2,2,present_with_data,"[""Boga""]",inrb-sitrep-146-2026-10-07,reviewed_INSP_SitRep_146_Table_1_per_health_zone_v1
boma-mangbetu,Boma Mangbetu,2026-10-07,44,19,present_with_data,"[""Boma Mangbetu""]",inrb-sitrep-146-2026-10-07,reviewed_INSP_SitRep_146_Table_1_per_health_zone_v1
bulu,Bulu,2026-10-07,2,1,present_with_data,"[""Bulu""]",inrb-sitrep-146-2026-10-07,reviewed_INSP_SitRep_146_Table_1_per_health_zone_v1
bunia,Bunia,2026-10-07,1797,596,present_with_data,"[""Bunia""]",inrb-sitrep-146-2026-10-07,reviewed_INSP_SitRep_146_Table_1_per_health_zone_v1
buta,Buta,2026-10-07,1,1,present_with_data,"[""Buta""]",inrb-sitrep-146-2026-10-07,reviewed_INSP_SitRep_146_Table_1_per_health_zone_v1
butembo,Butembo,2026-10-07,289,182,present_with_data,"[""Butembo""]",inrb-sitrep-146-2026-10-07,reviewed_INSP_SitRep_146_Table_1_per_health_zone_v1
damas,Damas,2026-10-07,40,9,present_with_data,"[""Damas""]",inrb-sitrep-146-2026-10-07,reviewed_INSP_SitRep_146_Table_1_per_health_zone_v1
drodro,Drodro,2026-10-07,15,7,present_with_data,"[""Drodro""]",inrb-sitrep-146-2026-10-07,reviewed_INSP_SitRep_146_Table_1_per_health_zone_v1
dungu,Dungu,2026-10-07,1,1,present_with_data,"[""Dungu""]",inrb-sitrep-146-2026-10-07,reviewed_INSP_SitRep_146_Table_1_per_health_zone_v1
fataki,Fataki,2026-10-07,84,31,present_with_data,"[""Fataki""]",inrb-sitrep-146-2026-10-07,reviewed_INSP_SitRep_146_Table_1_per_health_zone_v1
ganga,Ganga,2026-10-07,3,2,present_with_data,"[""Ganga""]",inrb-sitrep-146-2026-10-07,reviewed_INSP_SitRep_146_Table_1_per_health_zone_v1
gety,Gethy,2026-10-07,9,5,present_with_data,"[""Gethy""]",inrb-sitrep-146-2026-10-07,reviewed_INSP_SitRep_146_Table_1_per_health_zone_v1
goma-cod,Goma,2026-10-07,1,0,present_with_data,"[""Goma""]",inrb-sitrep-146-2026-10-07,reviewed_INSP_SitRep_146_Table_1_per_health_zone_v1
gombari,Gombari,2026-10-07,3,1,present_with_data,"[""Gombari""]",inrb-sitrep-146-2026-10-07,reviewed_INSP_SitRep_146_Table_1_per_health_zone_v1
isiro,Isiro,2026-10-07,102,44,present_with_data,"[""Isiro""]",inrb-sitrep-146-2026-10-07,reviewed_INSP_SitRep_146_Table_1_per_health_zone_v1
kabondo,Kabondo,2026-10-07,5,1,present_with_data,"[""Kabondo""]",inrb-sitrep-146-2026-10-07,reviewed_INSP_SitRep_146_Table_1_per_health_zone_v1
kalunguta,Kalunguta,2026-10-07,63,22,present_with_data,"[""Kalunguta""]",inrb-sitrep-146-2026-10-07,reviewed_INSP_SitRep_146_Table_1_per_health_zone_v1
kambala,Kambala,2026-10-07,2,0,present_with_data,"[""Kambala""]",inrb-sitrep-146-2026-10-07,reviewed_INSP_SitRep_146_Table_1_per_health_zone_v1
katwa,Katwa,2026-10-07,613,374,present_with_data,"[""Katwa""]",inrb-sitrep-146-2026-10-07,reviewed_INSP_SitRep_146_Table_1_per_health_zone_v1
kayna,Kayna,2026-10-07,3,2,present_with_data,"[""Kayna""]",inrb-sitrep-146-2026-10-07,reviewed_INSP_SitRep_146_Table_1_per_health_zone_v1
kilo,Kilo,2026-10-07,38,12,present_with_data,"[""Kilo""]",inrb-sitrep-146-2026-10-07,reviewed_INSP_SitRep_146_Table_1_per_health_zone_v1
komanda,Komanda,2026-10-07,176,107,present_with_data,"[""Komanda""]",inrb-sitrep-146-2026-10-07,reviewed_INSP_SitRep_146_Table_1_per_health_zone_v1
kyondo,Kyondo,2026-10-07,37,20,present_with_data,"[""Kyondo""]",inrb-sitrep-146-2026-10-07,reviewed_INSP_SitRep_146_Table_1_per_health_zone_v1
lita,Lita,2026-10-07,295,148,present_with_data,"[""Lita""]",inrb-sitrep-146-2026-10-07,reviewed_INSP_SitRep_146_Table_1_per_health_zone_v1
logo,Logo,2026-10-07,14,7,present_with_data,"[""Logo""]",inrb-sitrep-146-2026-10-07,reviewed_INSP_SitRep_146_Table_1_per_health_zone_v1
lolwa,Lolwa,2026-10-07,35,9,present_with_data,"[""Lolwa""]",inrb-sitrep-146-2026-10-07,reviewed_INSP_SitRep_146_Table_1_per_health_zone_v1
lubero,Lubero,2026-10-07,23,11,present_with_data,"[""Lubero""]",inrb-sitrep-146-2026-10-07,reviewed_INSP_SitRep_146_Table_1_per_health_zone_v1
lubunga,Lubunga,2026-10-07,1,0,present_with_data,"[""Lubunga""]",inrb-sitrep-146-2026-10-07,reviewed_INSP_SitRep_146_Table_1_per_health_zone_v1
mabalako,Mabalako,2026-10-07,52,20,present_with_data,"[""Mabalako""]",inrb-sitrep-146-2026-10-07,reviewed_INSP_SitRep_146_Table_1_per_health_zone_v1
mahagi-cod,Mahagi,2026-10-07,4,1,present_with_data,"[""Mahagi""]",inrb-sitrep-146-2026-10-07,reviewed_INSP_SitRep_146_Table_1_per_health_zone_v1
makiso-kisangani-cod,Makiso-Kisangani,2026-10-07,27,11,present_with_data,"[""Makiso-Kisangani""]",inrb-sitrep-146-2026-10-07,reviewed_INSP_SitRep_146_Table_1_per_health_zone_v1
mambasa,Mambasa,2026-10-07,41,17,present_with_data,"[""Mambasa""]",inrb-sitrep-146-2026-10-07,reviewed_INSP_SitRep_146_Table_1_per_health_zone_v1
mandima,Mandima,2026-10-07,209,105,present_with_data,"[""Mandima""]",inrb-sitrep-146-2026-10-07,reviewed_INSP_SitRep_146_Table_1_per_health_zone_v1
mangala,Mangala,2026-10-07,366,157,present_with_data,"[""Mangala""]",inrb-sitrep-146-2026-10-07,reviewed_INSP_SitRep_146_Table_1_per_health_zone_v1
mangobo,Mangobo,2026-10-07,8,5,present_with_data,"[""Mangobo""]",inrb-sitrep-146-2026-10-07,reviewed_INSP_SitRep_146_Table_1_per_health_zone_v1
manguredjipa,Manguredjipa,2026-10-07,13,5,present_with_data,"[""Manguredjipa""]",inrb-sitrep-146-2026-10-07,reviewed_INSP_SitRep_146_Table_1_per_health_zone_v1
masereka,Masereka,2026-10-07,36,11,present_with_data,"[""Masereka""]",inrb-sitrep-146-2026-10-07,reviewed_INSP_SitRep_146_Table_1_per_health_zone_v1
miti-murhesa,Miti-Murhesa,2026-10-07,3,1,present_with_data,"[""Miti-Murhesa""]",inrb-sitrep-146-2026-10-07,reviewed_INSP_SitRep_146_Table_1_per_health_zone_v1
mongbwalu,Mongbalu,2026-10-07,710,337,present_with_data,"[""Mongbwalu""]",inrb-sitrep-146-2026-10-07,reviewed_INSP_SitRep_146_Table_1_per_health_zone_v1
musienene,Musienene,2026-10-07,140,69,present_with_data,"[""Musienene""]",inrb-sitrep-146-2026-10-07,reviewed_INSP_SitRep_146_Table_1_per_health_zone_v1
mutwanga,Mutwanga,2026-10-07,20,4,present_with_data,"[""Mutwanga""]",inrb-sitrep-146-2026-10-07,reviewed_INSP_SitRep_146_Table_1_per_health_zone_v1
nia-nia,Nia-Nia,2026-10-07,316,177,present_with_data,"[""Nia-Nia""]",inrb-sitrep-146-2026-10-07,reviewed_INSP_SitRep_146_Table_1_per_health_zone_v1
nizi,Nizi,2026-10-07,799,289,present_with_data,"[""Nizi""]",inrb-sitrep-146-2026-10-07,reviewed_INSP_SitRep_146_Table_1_per_health_zone_v1
nyankunde,Nyakunde,2026-10-07,132,39,present_with_data,"[""Nyankunde""]",inrb-sitrep-146-2026-10-07,reviewed_INSP_SitRep_146_Table_1_per_health_zone_v1
oicha,Oicha,2026-10-07,36,17,present_with_data,"[""Oicha""]",inrb-sitrep-146-2026-10-07,reviewed_INSP_SitRep_146_Table_1_per_health_zone_v1
pawa,Pawa,2026-10-07,95,46,present_with_data,"[""Pawa""]",inrb-sitrep-146-2026-10-07,reviewed_INSP_SitRep_146_Table_1_per_health_zone_v1
rimba,Rimba,2026-10-07,14,5,present_with_data,"[""Rimba""]",inrb-sitrep-146-2026-10-07,reviewed_INSP_SitRep_146_Table_1_per_health_zone_v1
rungu,Rungu,2026-10-07,4,2,present_with_data,"[""Rungu""]",inrb-sitrep-146-2026-10-07,reviewed_INSP_SitRep_146_Table_1_per_health_zone_v1
rwampara,Rwampara,2026-10-07,1118,386,present_with_data,"[""Rwampara""]",inrb-sitrep-146-2026-10-07,reviewed_INSP_SitRep_146_Table_1_per_health_zone_v1
tchomia,Tchomia,2026-10-07,76,25,present_with_data,"[""Tchomia""]",inrb-sitrep-146-2026-10-07,reviewed_INSP_SitRep_146_Table_1_per_health_zone_v1
tshopo-cod,Tshopo,2026-10-07,2,0,present_with_data,"[""Tshopo""]",inrb-sitrep-146-2026-10-07,reviewed_INSP_SitRep_146_Table_1_per_health_zone_v1
viadana,Viadana,2026-10-07,6,1,present_with_data,"[""Viadana""]",inrb-sitrep-146-2026-10-07,reviewed_INSP_SitRep_146_Table_1_per_health_zone_v1
vuhovi,Vuhovi,2026-10-07,37,11,present_with_data,"[""Vuhovi""]",inrb-sitrep-146-2026-10-07,reviewed_INSP_SitRep_146_Table_1_per_health_zone_v1
wamba,Wamba,2026-10-07,119,43,present_with_data,"[""Wamba""]",inrb-sitrep-146-2026-10-07,reviewed_INSP_SitRep_146_Table_1_per_health_zone_v1
wanie-rukula,Wanie-Rukula,2026-10-07,1,1,present_with_data,"[""Wanie-Rukula""]",inrb-sitrep-146-2026-10-07,reviewed_INSP_SitRep_146_Table_1_per_health_zone_v1
