source_id,sitrep_number,data_as_of,published_at,section,item_index,text,evidence_chain_id,source_url,public_note
inrb-sitrep-141-2026-10-02,141,2026-10-02,2026-10-04T09:21:35Z,care_continuity,1,National isolation/CTE stock: 846.,PUBLIC-CLAIM-AUDIT,https://insp.cd/wp-content/uploads/2026/10/SitRep_MVEBDB_141_02_10_2026.pdf,Reviewed derived narrative from the INSP SitRep promotion; final-page contact details are intentionally excluded; source redistribution terms require INSP attribution and confirmation before external republication.
inrb-sitrep-141-2026-10-02,141,2026-10-02,2026-10-04T09:21:35Z,care_continuity,2,Ituri: 378/beds not printed (37.2%); Nord-Kivu: 364/beds not printed (printed rate withheld as a conflict); Haut-Uele: 74/beds not printed (53.6%); Tshopo: 14/beds not printed (45.2%); Bas-Uele: 16/beds not printed (rate unavailable),PUBLIC-CLAIM-AUDIT,https://insp.cd/wp-content/uploads/2026/10/SitRep_MVEBDB_141_02_10_2026.pdf,Reviewed derived narrative from the INSP SitRep promotion; final-page contact details are intentionally excluded; source redistribution terms require INSP attribution and confirmation before external republication.
inrb-sitrep-141-2026-10-02,141,2026-10-02,2026-10-04T09:21:35Z,challenges,1,"2,493 alerts; 2,492 verified (100.0%), 405 validated suspects, 405 investigated (100.0%), and 207 transferred. Six provinces have numeric alert rows (Haut-Uele, Bas-Uele, Ituri, Nord-Kivu, Sud-Ubangi and Tshopo); Sud-Kivu is unavailable, not zero.",PUBLIC-CLAIM-AUDIT,https://insp.cd/wp-content/uploads/2026/10/SitRep_MVEBDB_141_02_10_2026.pdf,Reviewed derived narrative from the INSP SitRep promotion; final-page contact details are intentionally excluded; source redistribution terms require INSP attribution and confirmation before external republication.
inrb-sitrep-141-2026-10-02,141,2026-10-02,2026-10-04T09:21:35Z,challenges,2,"Nord-Kivu prints 364 hospitalised patients, including 261 in normed structures, and 63.0% occupancy without a bed count. The rate matches neither 261/354 (73.7%) nor 364/354 (102.8%) against the last printed 354 beds (SR135), and repeats prior editions. It is withheld as a conflict; 103 patients are outside normed structures.",PUBLIC-CLAIM-AUDIT,https://insp.cd/wp-content/uploads/2026/10/SitRep_MVEBDB_141_02_10_2026.pdf,Reviewed derived narrative from the INSP SitRep promotion; final-page contact details are intentionally excluded; source redistribution terms require INSP attribution and confirmation before external republication.
inrb-sitrep-141-2026-10-02,141,2026-10-02,2026-10-04T09:21:35Z,challenges,3,"Contact follow-up 23,876/32,654 (73.1%). The six province numerators sum to 23,876; denominators sum to 32,651, three below the printed national 32,654. Preserve the national line and the province rows separately. Sud-Kivu is unavailable, not zero. The national rate moved from 81.3% the day before, and no province followed all of its contacts.",PUBLIC-CLAIM-AUDIT,https://insp.cd/wp-content/uploads/2026/10/SitRep_MVEBDB_141_02_10_2026.pdf,Reviewed derived narrative from the INSP SitRep promotion; final-page contact details are intentionally excluded; source redistribution terms require INSP attribution and confirmation before external republication.
inrb-sitrep-141-2026-10-02,141,2026-10-02,2026-10-04T09:21:35Z,challenges,4,"PoE/PoC Table 4 (dated 1 October) reports eight alerts and seven validated suspects. The accompanying prose adds seven invalidated Bas-Uele alerts outside that table, for 15 alerts overall; these scopes must remain separate.",PUBLIC-CLAIM-AUDIT,https://insp.cd/wp-content/uploads/2026/10/SitRep_MVEBDB_141_02_10_2026.pdf,Reviewed derived narrative from the INSP SitRep promotion; final-page contact details are intentionally excluded; source redistribution terms require INSP attribution and confirmation before external republication.
inrb-sitrep-141-2026-10-02,141,2026-10-02,2026-10-04T09:21:35Z,challenges,5,Ituri ring opening is 21/39 (53.8%); Nord-Kivu household decontamination is 7/30 (23.3%).,PUBLIC-CLAIM-AUDIT,https://insp.cd/wp-content/uploads/2026/10/SitRep_MVEBDB_141_02_10_2026.pdf,Reviewed derived narrative from the INSP SitRep promotion; final-page contact details are intentionally excluded; source redistribution terms require INSP attribution and confirmation before external republication.
inrb-sitrep-141-2026-10-02,141,2026-10-02,2026-10-04T09:21:35Z,challenges_review,1,"2,493 alerts; 2,492 verified (100.0%), 405 validated suspects, 405 investigated (100.0%), and 207 transferred. Six provinces have numeric alert rows (Haut-Uele, Bas-Uele, Ituri, Nord-Kivu, Sud-Ubangi and Tshopo); Sud-Kivu is unavailable, not zero.",PUBLIC-CLAIM-AUDIT,https://insp.cd/wp-content/uploads/2026/10/SitRep_MVEBDB_141_02_10_2026.pdf,Reviewed derived narrative from the INSP SitRep promotion; final-page contact details are intentionally excluded; source redistribution terms require INSP attribution and confirmation before external republication.
inrb-sitrep-141-2026-10-02,141,2026-10-02,2026-10-04T09:21:35Z,challenges_review,2,"Nord-Kivu prints 364 hospitalised patients, including 261 in normed structures, and 63.0% occupancy without a bed count. The rate matches neither 261/354 (73.7%) nor 364/354 (102.8%) against the last printed 354 beds (SR135), and repeats prior editions. It is withheld as a conflict; 103 patients are outside normed structures.",PUBLIC-CLAIM-AUDIT,https://insp.cd/wp-content/uploads/2026/10/SitRep_MVEBDB_141_02_10_2026.pdf,Reviewed derived narrative from the INSP SitRep promotion; final-page contact details are intentionally excluded; source redistribution terms require INSP attribution and confirmation before external republication.
inrb-sitrep-141-2026-10-02,141,2026-10-02,2026-10-04T09:21:35Z,challenges_review,3,"Contact follow-up 23,876/32,654 (73.1%). The six province numerators sum to 23,876; denominators sum to 32,651, three below the printed national 32,654. Preserve the national line and the province rows separately. Sud-Kivu is unavailable, not zero. The national rate moved from 81.3% the day before, and no province followed all of its contacts.",PUBLIC-CLAIM-AUDIT,https://insp.cd/wp-content/uploads/2026/10/SitRep_MVEBDB_141_02_10_2026.pdf,Reviewed derived narrative from the INSP SitRep promotion; final-page contact details are intentionally excluded; source redistribution terms require INSP attribution and confirmation before external republication.
inrb-sitrep-141-2026-10-02,141,2026-10-02,2026-10-04T09:21:35Z,challenges_review,4,"PoE/PoC Table 4 (dated 1 October) reports eight alerts and seven validated suspects. The accompanying prose adds seven invalidated Bas-Uele alerts outside that table, for 15 alerts overall; these scopes must remain separate.",PUBLIC-CLAIM-AUDIT,https://insp.cd/wp-content/uploads/2026/10/SitRep_MVEBDB_141_02_10_2026.pdf,Reviewed derived narrative from the INSP SitRep promotion; final-page contact details are intentionally excluded; source redistribution terms require INSP attribution and confirmation before external republication.
inrb-sitrep-141-2026-10-02,141,2026-10-02,2026-10-04T09:21:35Z,challenges_review,5,Ituri ring opening is 21/39 (53.8%); Nord-Kivu household decontamination is 7/30 (23.3%).,PUBLIC-CLAIM-AUDIT,https://insp.cd/wp-content/uploads/2026/10/SitRep_MVEBDB_141_02_10_2026.pdf,Reviewed derived narrative from the INSP SitRep promotion; final-page contact details are intentionally excluded; source redistribution terms require INSP attribution and confirmation before external republication.
inrb-sitrep-141-2026-10-02,141,2026-10-02,2026-10-04T09:21:35Z,challenges_review,6,405 of 405 validated suspects were investigated (100.0%).,PUBLIC-CLAIM-AUDIT,https://insp.cd/wp-content/uploads/2026/10/SitRep_MVEBDB_141_02_10_2026.pdf,Reviewed derived narrative from the INSP SitRep promotion; final-page contact details are intentionally excluded; source redistribution terms require INSP attribution and confirmation before external republication.
inrb-sitrep-141-2026-10-02,141,2026-10-02,2026-10-04T09:21:35Z,highlights,1,"DRC: 8,442 confirmed cases and 4,080 confirmed deaths as of 2 October 2026.",PUBLIC-CLAIM-AUDIT,https://insp.cd/wp-content/uploads/2026/10/SitRep_MVEBDB_141_02_10_2026.pdf,Reviewed derived narrative from the INSP SitRep promotion; final-page contact details are intentionally excluded; source redistribution terms require INSP attribution and confirmation before external republication.
inrb-sitrep-141-2026-10-02,141,2026-10-02,2026-10-04T09:21:35Z,highlights,2,"24h: 66 confirmations and 38 confirmed deaths (22 community, 16 intra-CTE).",PUBLIC-CLAIM-AUDIT,https://insp.cd/wp-content/uploads/2026/10/SitRep_MVEBDB_141_02_10_2026.pdf,Reviewed derived narrative from the INSP SitRep promotion; final-page contact details are intentionally excluded; source redistribution terms require INSP attribution and confirmation before external republication.
inrb-sitrep-141-2026-10-02,141,2026-10-02,2026-10-04T09:21:35Z,highlights,3,Footprint: 64/167 health zones across seven provinces; 1 new affected zone.,PUBLIC-CLAIM-AUDIT,https://insp.cd/wp-content/uploads/2026/10/SitRep_MVEBDB_141_02_10_2026.pdf,Reviewed derived narrative from the INSP SitRep promotion; final-page contact details are intentionally excluded; source redistribution terms require INSP attribution and confirmation before external republication.
inrb-sitrep-141-2026-10-02,141,2026-10-02,2026-10-04T09:21:35Z,highlights,4,Alimbongo is newly affected: four confirmed cases and two deaths. Nord-Kivu contributes 33 of the 66 daily confirmations.,PUBLIC-CLAIM-AUDIT,https://insp.cd/wp-content/uploads/2026/10/SitRep_MVEBDB_141_02_10_2026.pdf,Reviewed derived narrative from the INSP SitRep promotion; final-page contact details are intentionally excluded; source redistribution terms require INSP attribution and confirmation before external republication.
inrb-sitrep-141-2026-10-02,141,2026-10-02,2026-10-04T09:21:35Z,priorities,1,Rapidly increase reception capacity in treatment centres in Nord-Kivu.,PUBLIC-CLAIM-AUDIT,https://insp.cd/wp-content/uploads/2026/10/SitRep_MVEBDB_141_02_10_2026.pdf,Reviewed derived narrative from the INSP SitRep promotion; final-page contact details are intentionally excluded; source redistribution terms require INSP attribution and confirmation before external republication.
inrb-sitrep-141-2026-10-02,141,2026-10-02,2026-10-04T09:21:35Z,priorities,2,Strengthen cross-border surveillance with South Sudan.,PUBLIC-CLAIM-AUDIT,https://insp.cd/wp-content/uploads/2026/10/SitRep_MVEBDB_141_02_10_2026.pdf,Reviewed derived narrative from the INSP SitRep promotion; final-page contact details are intentionally excluded; source redistribution terms require INSP attribution and confirmation before external republication.
inrb-sitrep-141-2026-10-02,141,2026-10-02,2026-10-04T09:21:35Z,priorities,3,Strengthen BDBV preparedness and response in the river-corridor provinces and surrounding areas.,PUBLIC-CLAIM-AUDIT,https://insp.cd/wp-content/uploads/2026/10/SitRep_MVEBDB_141_02_10_2026.pdf,Reviewed derived narrative from the INSP SitRep promotion; final-page contact details are intentionally excluded; source redistribution terms require INSP attribution and confirmation before external republication.
inrb-sitrep-141-2026-10-02,141,2026-10-02,2026-10-04T09:21:35Z,priorities_review,1,Rapidly increase reception capacity in treatment centres in Nord-Kivu.,PUBLIC-CLAIM-AUDIT,https://insp.cd/wp-content/uploads/2026/10/SitRep_MVEBDB_141_02_10_2026.pdf,Reviewed derived narrative from the INSP SitRep promotion; final-page contact details are intentionally excluded; source redistribution terms require INSP attribution and confirmation before external republication.
inrb-sitrep-141-2026-10-02,141,2026-10-02,2026-10-04T09:21:35Z,priorities_review,2,Strengthen cross-border surveillance with South Sudan.,PUBLIC-CLAIM-AUDIT,https://insp.cd/wp-content/uploads/2026/10/SitRep_MVEBDB_141_02_10_2026.pdf,Reviewed derived narrative from the INSP SitRep promotion; final-page contact details are intentionally excluded; source redistribution terms require INSP attribution and confirmation before external republication.
inrb-sitrep-141-2026-10-02,141,2026-10-02,2026-10-04T09:21:35Z,priorities_review,3,Strengthen BDBV preparedness and response in the river-corridor provinces and surrounding areas.,PUBLIC-CLAIM-AUDIT,https://insp.cd/wp-content/uploads/2026/10/SitRep_MVEBDB_141_02_10_2026.pdf,Reviewed derived narrative from the INSP SitRep promotion; final-page contact details are intentionally excluded; source redistribution terms require INSP attribution and confirmation before external republication.
