source_id,publisher,source_tier,url,published_at,retrieved_at,content_hash,raw_archive_status,license,license_note,extraction_status,country_scope
who-don602-2026-05-15-live,World Health Organization,official_who,https://www.who.int/emergencies/disease-outbreak-news/item/2026-DON602,2026-05-15T00:00:00Z,2026-05-20T05:42:36Z,8b7fb1e1c8403b7a6015c804a3cd818c04b649ca23d791fe957e59119818218f,public_bytes,CC-BY-NC-SA-3.0-IGO,,success,COD; UGA
africa-cdc-phecs-2026-05-18-live,Africa Centres for Disease Control and Prevention,official_continental_body,https://africacdc.org/news-item/africa-cdc-declares-the-ongoing-bundibugyo-ebola-outbreak-a-public-health-emergency-of-continental-security/,2026-05-18T00:00:00Z,2026-05-20T20:41:00Z,4efa5e02df04e766353f9af62e6f87a1fca21936aa287772bae5ba5932e20c8b,private_restricted_bytes,publisher-terms-not-confirmed,Africa CDC page terms were not located in this audit pass. Treat the archived raw bytes as restricted publisher material unless Africa CDC reuse terms or permission are confirmed.,success,COD; UGA
wikipedia-2026-ituri-epidemic-2026-05-20-live,Wikipedia contributors (consensus aggregator),aggregator,https://en.wikipedia.org/wiki/2026_Ituri_Province_Ebola_epidemic,2026-05-20T00:00:00Z,2026-05-20T20:41:30Z,319cdbd2b616df4301eba94171448e3081a0a1a9e701404bcdf1030a5b80e8fa,public_bytes,CC-BY-SA-4.0,,success,COD; UGA
afro-sitrep-01-2026-05-18-live,"World Health Organization, Regional Office for Africa",official_who_afro,https://www.afro.who.int/countries/democratic-republic-of-congo/publication/ebola-bundibugyo-virus-disease-outbreak-democratic-republic-congo-uganda-weekly-external-situation,2026-05-18T00:00:00Z,2026-05-20T22:00:00Z,56a9f829090ae2823a155c04b53a8cc28a4f0e99006f1fe483245d4b02938a64,public_bytes,CC-BY-NC-SA-3.0-IGO,,success,COD; UGA
cdc-han-00530-2026-05,"US Centers for Disease Control and Prevention, Health Alert Network",official_cdc,https://www.cdc.gov/han/php/notices/han00530.html,2026-05-19T00:00:00Z,2026-05-20T22:00:00Z,039a988227d240a466321d79f550e3af70f1b18db60b6627e55ee15535a25c6a,public_bytes,public-domain-us-gov,,success,COD; UGA
imperial-mrc-gida-bdbv-2026-05-18,"Imperial College London, MRC Centre for Global Infectious Disease Analysis (with WHO Health Emergencies Programme, WHO Uganda, WHO Regional Office for Africa)",academic_collab_who,https://www.imperial.ac.uk/mrc-global-infectious-disease-analysis/research-themes/preparedness-and-response-to-emerging-threats/report-ebola-18-05-2026/,2026-05-18T00:00:00Z,2026-05-20T22:00:00Z,647610bf3450407ec3313e2a17642b0ee9cbec7f14c72665318993f06acaf8b4,private_restricted_bytes,CC-BY-NC-ND-4.0,"Recorded as CC BY-NC-ND 4.0 per the report's stated terms at access time and consistent with repo-wide usage. The archived bytes are the report landing page (footer shows only '(c) Imperial College London', no inline Creative Commons notice); the report PDF that carries the license footer is not byte-archived. Treat this as a restricted-use assumption pending primary license-footer confirmation. See public claim audit PUBLIC-CLAIM-AUDIT.",success,COD; UGA
who-pheic-2026-05-17-live,World Health Organization,official_who,https://www.who.int/news/item/17-05-2026-epidemic-of-ebola-disease-in-the-democratic-republic-of-the-congo-and-uganda-determined-a-public-health-emergency-of-international-concern,2026-05-17T00:00:00Z,2026-05-20T22:00:00Z,e1f8ea89d80de061e8f79bb8e60d96bd98d68ddf676bad9ef03469adf536dd51,public_bytes,CC-BY-NC-SA-3.0-IGO,,success,COD; UGA
who-dg-remarks-bdbv-2026-05-20,World Health Organization,official_who,https://www.who.int/news-room/speeches/item/who-director-general-s-opening-remarks-at-the-media-briefing-on-ebola-outbreak-in-drc-and-uganda-20-may-2026,2026-05-20T00:00:00Z,2026-05-21T00:00:00Z,38adc40602c6609e4a727251acd8896ca6c27ca922d855d532b35a2bcf3ff067,public_bytes,CC-BY-NC-SA-3.0-IGO,,success,COD; UGA
ecdc-bdbv-drc-uga-2026-05-19-live,European Centre for Disease Prevention and Control,regional_body,https://www.ecdc.europa.eu/en/ebola-virus-disease-outbreak-democratic-republic-congo-and-uganda-19-may-2026,2026-05-19T00:00:00Z,2026-05-21T00:55:53Z,3fd9968b77caa5b86de241c556c0d425bbd9f4ba5a83b59dbab0fce8304382d8,public_bytes,CC-BY-4.0,"ECDC Intellectual Property Notices state that, unless otherwise stated, ECDC-owned public web content is licensed under CC BY 4.0. Reuse still requires attribution and no implication of endorsement.",success,COD; UGA
cdc-current-situation-2026-05-20,US Centers for Disease Control and Prevention,official_cdc,https://www.cdc.gov/ebola/situation-summary/index.html,2026-05-20T00:00:00Z,2026-05-21T17:11:29Z,057d185124c8812d733b24ecae4b7980b3b3e5a73f2687e3e5d9acf883fed3bf,public_bytes,public-domain-us-gov,,success,COD; UGA
afro-sitrep-01-pdf-2026-05-18-live,"World Health Organization, Regional Office for Africa",official_who_afro,https://www.afro.who.int/countries/democratic-republic-of-congo/publication/ebola-bundibugyo-virus-disease-outbreak-democratic-republic-congo-uganda-weekly-external-situation,2026-05-18T00:00:00Z,2026-05-21T18:30:00Z,b43fc698bf2407323c6d6af25a3679eccdd2d68b3effc61a7563e6ef977366ba,private_restricted_bytes,CC-BY-NC-SA-3.0-IGO,,success,COD; UGA
imperial-mrc-gida-bdbv-2026-05-18-pdf-live,"Imperial College London, MRC Centre for Global Infectious Disease Analysis (with WHO HEP/Uganda/AFRO)",academic_collab_who,https://www.imperial.ac.uk/mrc-global-infectious-disease-analysis/research-themes/preparedness-and-response-to-emerging-threats/report-ebola-18-05-2026/,2026-05-18T00:00:00Z,2026-05-21T18:30:00Z,750edd9df5e4ec714d9c6557f4e1f1fc06f5cedddfbc10eddcae6a762bd068ea,private_restricted_bytes,CC-BY-NC-ND-4.0,,success,COD; UGA
imperial-mrc-gida-bdbv-2026-05-20-live,"Imperial College London, MRC Centre for Global Infectious Disease Analysis (with WHO HEP/Uganda/AFRO)",academic_collab_who,https://www.imperial.ac.uk/mrc-global-infectious-disease-analysis/research-themes/preparedness-and-response-to-emerging-threats/report-ebola-update-20-05-2026/,2026-05-20T00:00:00Z,2026-05-21T18:30:00Z,87e5c822847f9e03c9cbfc78fb80eb296d7b8659f5181d0b0e278faf6dcdfb1c,private_restricted_bytes,CC-BY-NC-ND-4.0,,success,COD; UGA
cdc-current-situation-2026-05-21,US Centers for Disease Control and Prevention,official_cdc,https://www.cdc.gov/ebola/situation-summary/index.html,2026-05-21T00:00:00Z,2026-05-21T23:00:04Z,4787fab45a60afe1cbd42463877163acc4863a7298b7b2edefb2c005ae3b916b,public_bytes,public-domain-us-gov,,success,COD; UGA
cdc-returning-travelers-info-2026-05-21-live,US Centers for Disease Control and Prevention,official_cdc,https://www.cdc.gov/viral-hemorrhagic-fevers/travel-to-us/index.html,2026-05-21T00:00:00Z,2026-05-22T04:35:00Z,710540d02fb06e391fbab3900d348ba2b1decc1270d518e7f10687731c66c7da,public_bytes,public-domain-us-gov,,success,COD; SSD; UGA; USA
cdc-traveler-management-guidance-2026-05-21-pdf,US Centers for Disease Control and Prevention,official_cdc,https://www.cdc.gov/viral-hemorrhagic-fevers/media/pdfs/Interim-guidance-for-BVD-2026.pdf,2026-05-21T00:00:00Z,2026-05-22T04:35:00Z,2bbbc26e610156366277ef7bb042566485aba5c0709b92cc13ec4e9556b4b1a6,public_bytes,public-domain-us-gov,,success,COD; SSD; UGA; USA
ecdc-bdbv-drc-uga-2026-05-21-live,European Centre for Disease Prevention and Control,regional_body,https://www.ecdc.europa.eu/en/ebola-virus-disease-outbreak-democratic-republic-congo-and-uganda,2026-05-21T18:00:00Z,2026-05-22T04:35:00Z,bce5f5be9ba8c954c2dbae21377d079f43627f5688ffb98bb5a48ee14796532b,public_bytes,CC-BY-4.0,,success,COD; UGA
ecdc-threat-assessment-bdbv-2026-05-21-pdf,European Centre for Disease Prevention and Control,regional_body,https://www.ecdc.europa.eu/sites/default/files/documents/EBOLA%20TAB%20NEW%20FINAL_0.pdf,2026-05-21T00:00:00Z,2026-05-22T04:35:00Z,6ae605e940b1c2eb344242b12b295bf6e8f44bf65ea0a821003655675f858576,public_bytes,CC-BY-4.0,,success,COD; UGA
paho-who-epialert-bdbv-2026-05-21-pdf,Pan American Health Organization / World Health Organization,official_who,https://www.paho.org/sites/default/files/2026/05/2026-may-20-phe-bundibugyo-virus-disease.pdf,2026-05-21T00:00:00Z,2026-05-22T04:35:00Z,8e7ab7360abddc5a017da51937d108b7db2ce617f5926392d489e3c03ca65789,private_restricted_bytes,publisher-terms-not-confirmed,,success,COD; UGA; AMR
uk-gov-ebola-eastern-drc-support-2026-05-21-live,"UK Foreign, Commonwealth & Development Office / UK Health Security Agency",national_moh,https://www.gov.uk/government/news/uk-steps-up-support-to-stop-spread-of-ebola-in-eastern-drc,2026-05-21T00:00:00Z,2026-05-22T04:35:00Z,730e45ac9ea24ec74b2a4d94188ac8a2e2101f9c92e993f50c2eb9e93b2c2831,public_bytes,OGL-3.0,,success,GBR; COD; UGA
who-afro-zambia-readiness-2026-05-21-live,"World Health Organization, Regional Office for Africa",official_who_afro,https://www.afro.who.int/countries/zambia/news/strengthening-zambias-readiness-health-emergencies-surveillance-pandemic-preparedness,2026-05-21T00:00:00Z,2026-05-22T04:35:00Z,c4b6f1984d11731974f1fc3d13aeb529eda165b734e95b1c6202b01d16db2764,public_bytes,CC-BY-NC-SA-3.0-IGO,,success,ZMB; COD; UGA
apnews-south-kivu-m23-claim-2026-05-21-live,Associated Press,unknown,https://apnews.com/article/congo-ebola-outbreak-who-spread-response-18537353976a958687e55f95434c918c,2026-05-21T00:00:00Z,2026-05-22T06:50:53Z,d4262d59d058e84525cc89fd0efbda32a4444fa73e549208a52b8cbfd6963478,private_restricted_bytes,publisher-terms-not-confirmed,,partial,COD
enca-south-kivu-m23-claim-2026-05-21-live,eNCA / AFP,unknown,https://www.enca.com/lifestyle/deadly-dr-congo-ebola-outbreak-spreads-m23-held-south-kivu-0,2026-05-21T00:00:00Z,2026-05-22T06:50:53Z,80c0bd30876cacab5e92b1387ffb765ce3427c91efbb9a0f5f44d857cacc750e,private_restricted_bytes,publisher-terms-not-confirmed,,partial,COD
ifrc-regional-risk-response-2026-05-21-live,International Federation of Red Cross and Red Crescent Societies,unknown,https://www.ifrc.org/press-release/ebola-ifrc-scales-response-eastern-drc-regional-risks-grow,2026-05-21T00:00:00Z,2026-05-22T06:50:53Z,d2d54e4a0e77312b2c1d88fec0daf72ad6b215f3d71f574ac06c24d2ea88a1d9,private_restricted_bytes,publisher-terms-not-confirmed,,partial,COD; UGA
who-dg-remarks-bdbv-2026-05-22,World Health Organization,official_who,https://www.who.int/news-room/speeches/item/who-director-general-s-opening-remarks-at-the-member-state-information-session-on-outbreaks-of-ebola-and-hantavirus-22-may-2026,2026-05-22T00:00:00Z,2026-05-22T16:11:52Z,40367f2982e766cd8d12f4f223e420d6c4739f4ed1345c8584541619ec061495,public_bytes,CC-BY-NC-SA-3.0-IGO,,success,COD; UGA
who-ihr-ec-bdbv-temporary-recommendations-2026-05-22,World Health Organization,official_who,https://www.who.int/news/item/22-05-2026-first-meeting-of-the-ihr-emergency-committee-regarding-the-epidemic-of-ebola-bundibugyo-virus-disease-in-the-democratic-republic-of-the-congo-and-uganda-2026-temporary-recommendations,2026-05-22T00:00:00Z,2026-05-22T16:11:52Z,0e9c3f1bd14aca694c115df854ec2bd290f24240b29c84fc5617e7374d3ba4e4,public_bytes,CC-BY-NC-SA-3.0-IGO,,success,COD; UGA
cdc-current-situation-2026-05-22,US Centers for Disease Control and Prevention,official_cdc,https://www.cdc.gov/ebola/situation-summary/index.html,2026-05-22T00:00:00Z,2026-05-23T04:09:36Z,d54c4ff83a08ee0a779d265c94262fb6571f4599cd811a9b9399ff8e93a76ac9,public_bytes,public-domain-us-gov,,success,COD; UGA
cdc-returning-travelers-info-2026-05-22-live,US Centers for Disease Control and Prevention,official_cdc,https://www.cdc.gov/viral-hemorrhagic-fevers/travel-to-us/index.html,2026-05-22T00:00:00Z,2026-05-23T04:09:36Z,2d4f975e4da66f8df70f3e9047c8157497aa7119838217fd931bc2fa1f2b8fe7,public_bytes,public-domain-us-gov,,success,COD; UGA; SSD
cdc-traveler-management-guidance-2026-05-22-live,US Centers for Disease Control and Prevention,official_cdc,https://www.cdc.gov/viral-hemorrhagic-fevers/php/php/public-health-strategy/ebola-outbreak-interim-guidance.html,2026-05-22T00:00:00Z,2026-05-23T04:09:36Z,e2a43466b54f77ea7c825a2f68f862b7d00650890fde5c15e38faada5376f4df,public_bytes,public-domain-us-gov,,success,COD; UGA; SSD
ecdc-bdbv-drc-uga-2026-05-22-live,European Centre for Disease Prevention and Control,regional_body,https://www.ecdc.europa.eu/en/ebola-virus-disease-outbreak-democratic-republic-congo-and-uganda-19-may-2026,2026-05-22T00:00:00Z,2026-05-23T04:09:36Z,c2193bdb59db2f64df649f87d859b61fb3d1e65cf3c00a9ddd1e3da30a254bfa,public_bytes,CC-BY-4.0,,success,COD; UGA
drc-moh-epidemie-dashboard-full-graphql-2026-05-23,"Ministere de la Sante Publique, Hygiene et Prevoyance sociale, Democratic Republic of the Congo",national_moh,https://administration.sante.gouv.cd/graphql,2026-05-23T00:00:00Z,2026-05-23T17:53:08Z,75638caebe83e587e3ac4297221bcc3a6a245cddecaddead9ec7248c34a3dc9c,private_restricted_bytes,publisher-terms-not-confirmed,,partial,COD
drc-moh-epidemie-dashboard-sitrep-008-graphql-2026-05-23,"Ministere de la Sante Publique, Hygiene et Prevoyance sociale, Democratic Republic of the Congo",national_moh,https://administration.sante.gouv.cd/graphql,2026-05-23T00:00:00Z,2026-05-23T18:36:26Z,e9d1e770b7f9b39033de447ce57ad850286f4b29eb5c39f9e5b3138a8a11029f,private_restricted_bytes,publisher-terms-not-confirmed,,partial,COD
drc-moh-epidemie-dashboard-sitrep-mve-n-007-mvb-17-2026-pdf-2026-05-22,"Ministere de la Sante Publique, Hygiene et Prevoyance sociale, Democratic Republic of the Congo",national_moh,https://administration.sante.gouv.cd/wp-content/uploads/2026/05/SitRep_MVE_RDC_20260512-FDv2_IM.pdf,2026-05-22T00:00:00Z,2026-05-23T18:36:26Z,0fff304fd19ebc41e80328ff2f319ba903ea9b378f8926857ffc3fad0c537317,private_restricted_bytes,publisher-terms-not-confirmed,,success,COD
who-don603-2026-05-21-live,World Health Organization,official_who,https://www.who.int/emergencies/disease-outbreak-news/item/2026-DON603,2026-05-21T00:00:00Z,2026-05-23T19:21:01Z,90f30cdf884274e9f8e35588364aeed409e5a7373f27ca3218ee88dd4dea18ed,public_bytes,CC-BY-NC-SA-3.0-IGO,,success,COD; UGA
cdc-current-situation-2026-05-23,US Centers for Disease Control and Prevention,official_cdc,https://www.cdc.gov/ebola/situation-summary/index.html,2026-05-23T00:00:00Z,2026-05-24T18:38:45Z,1fa637ba0cb4ab11c50438b226bf00ebeca62757eda73a5738f4e6f231cdaed8,public_bytes,public-domain-us-gov,,success,COD; UGA
drc-moh-epidemie-dashboard-sitrep-009-graphql-2026-05-24,"Ministere de la Sante Publique, Hygiene et Prevoyance sociale, Democratic Republic of the Congo",national_moh,https://administration.sante.gouv.cd/graphql,2026-05-24T00:00:00Z,2026-05-24T23:53:59Z,f3d5149176d77cbf28d15c79bb7449b1a516c6b855ffe28d51b2adaef0f4bff5,private_restricted_bytes,publisher-terms-not-confirmed,,partial,COD
cdc-current-situation-2026-05-24,US Centers for Disease Control and Prevention,official_cdc,https://www.cdc.gov/ebola/situation-summary/index.html,2026-05-24T00:00:00Z,2026-05-25T03:58:37Z,b33e81ab0e2af289ccde2ed4685a4a380f3397693ed2f6864e54a0f65227dc7d,public_bytes,public-domain-us-gov,,success,COD; UGA
ecdc-bdbv-drc-uga-2026-05-25-live,European Centre for Disease Prevention and Control,regional_body,https://www.ecdc.europa.eu/en/ebola-virus-disease-outbreak-democratic-republic-congo-and-uganda-19-may-2026,2026-05-25T16:30:00Z,2026-05-25T18:36:38Z,0636fc9b56903b84f738b1662879a6374d98946d3bb7fd58d20b4fed012ff57c,public_bytes,CC-BY-4.0,,success,COD; UGA
who-afro-outbreak-hub-2026-05-24-live,"World Health Organization, Regional Office for Africa",official_who_afro,https://www.afro.who.int/health-topics/ebola-disease/outbreak-drc-26,2026-05-24T00:00:00Z,2026-05-25T18:36:38Z,e7a8993d9d8526e69773fdc73f99b143e05b8d04184cdb69b02e2e34ab4cadb3,private_restricted_bytes,CC-BY-NC-SA-3.0-IGO,,partial,COD; UGA
cdc-current-situation-2026-05-25,US Centers for Disease Control and Prevention,official_cdc,https://www.cdc.gov/ebola/situation-summary/index.html,2026-05-25T00:00:00Z,2026-05-25T22:17:34Z,77d396c0a888d13dc3a1cbf6cdd977d5049df73624bbec36a0877a170555a1c9,public_bytes,public-domain-us-gov,,success,COD; UGA
ecdc-bdbv-drc-uga-2026-05-26-live,European Centre for Disease Prevention and Control,regional_body,https://www.ecdc.europa.eu/en/ebola-virus-disease-outbreak-democratic-republic-congo-and-uganda-19-may-2026,2026-05-26T00:00:00Z,2026-05-26T22:13:28Z,d455dcaca4e5239f23951ef82dec77211ff9de963cfd6e2c12ecf7c3d8378977,public_bytes,CC-BY-4.0,,success,COD; UGA
inrb-umie-ebola-drc-2026-build-2026-05-27-059661a,"Institut National de Recherche Biomedicale (INRB), Institut National de Sante Publique (INSP), and Unite de Modelisation et Intelligence Epidemique (UMIE)",national_moh,https://github.com/INRB-UMIE/Ebola_DRC_2026/releases/download/build-2026-05-27-059661a/build-2026-05-27-059661a.tar.gz,2026-05-27T14:33:41Z,2026-05-27T15:57:33Z,6d13fed81a6305c1d7ac12d53c86da40718d37470352c885b9f79a097ed7aaf9,private_restricted_bytes,publisher-terms-not-confirmed,,partial,COD
ecdc-bdbv-drc-uga-2026-05-27-live,European Centre for Disease Prevention and Control,regional_body,https://www.ecdc.europa.eu/en/ebola-virus-disease-outbreak-democratic-republic-congo-and-uganda-19-may-2026,2026-05-27T00:00:00Z,2026-05-27T17:25:00Z,8a63ef5cfde4aa2d6207aa3b9ffd05975dbfcbf773c6c6860df4dbd335cbe097,public_bytes,CC-BY-4.0,,success,COD; UGA
inrb-umie-ebola-drc-2026-build-2026-05-27-e40bc9e,"Institut National de Recherche Biomedicale (INRB), Institut National de Sante Publique (INSP), and Unite de Modelisation et Intelligence Epidemique (UMIE)",national_moh,https://github.com/INRB-UMIE/Ebola_DRC_2026/releases/download/build-2026-05-27-e40bc9e/build-2026-05-27-e40bc9e.tar.gz,2026-05-27T22:00:53Z,2026-05-28T02:41:54Z,2a9e1b1f4b9a1828846e55bc12850900112709bff6b91b65057d6d99e7f60b44,private_restricted_bytes,publisher-terms-not-confirmed,,partial,COD
inrb-umie-ebola-drc-2026-build-2026-05-28-bb8b7d5,"Institut National de Recherche Biomedicale (INRB), Institut National de Sante Publique (INSP), and Unite de Modelisation et Intelligence Epidemique (UMIE)",national_moh,https://github.com/INRB-UMIE/Ebola_DRC_2026/releases/download/build-2026-05-28-bb8b7d5/build-2026-05-28-bb8b7d5.tar.gz,2026-05-28T08:57:13Z,2026-05-28T12:21:16Z,be9680053b0c6fb7c143594cc3252928ebd27ff222536c2cdaad7b33f320261b,private_restricted_bytes,"code-MIT (Kraemer Lab, University of Oxford); data-INSP SitReps: reuse with attribution to INSP + citation of report number/date, confirm distribution with INSP before external republication",,partial,COD
inrb-sitrep-015-2026-05-29,"Centre d'Operations d'Urgence de Sante Publique (COUSP RDC), Institut National de Sante Publique (INSP), Institut National de Recherche Biomedicale (INRB), Ministere de la Sante Publique, Hygiene et Prevoyance Sociale, Republique Democratique du Congo",national_moh,https://www.insp.gouv.cd/,2026-05-30T00:00:00Z,2026-06-01T00:00:00Z,5ee4f2afca47fb6faca488c966203fe50d3bc14dcd55255b9794deecc4e36a2d,public_bytes,"INSP SitRep: reuse with attribution to INSP + citation of report number/date, confirm distribution with INSP before external republication",,partial,COD
inrb-sitrep-016-2026-05-30,"Centre d'Operations d'Urgence de Sante Publique (COUSP RDC), Institut National de Sante Publique (INSP), Institut National de Recherche Biomedicale (INRB), Ministere de la Sante Publique, Hygiene et Prevoyance Sociale, Republique Democratique du Congo",national_moh,https://www.insp.gouv.cd/,2026-05-31T00:00:00Z,2026-06-01T00:00:00Z,610c69987d59040ae672ea95be4815bbc87951566cde9e88f7e1cb8ffa5c9f80,public_bytes,"INSP SitRep: reuse with attribution to INSP + citation of report number/date, confirm distribution with INSP before external republication",,partial,COD
inrb-sitrep-017-2026-05-31,"Centre d'Operations d'Urgence de Sante Publique (COUSP RDC), Institut National de Sante Publique (INSP), Institut National de Recherche Biomedicale (INRB), Ministere de la Sante Publique, Hygiene et Prevoyance Sociale, Republique Democratique du Congo",national_moh,https://www.insp.gouv.cd/,2026-06-01T00:00:00Z,2026-06-01T00:00:00Z,0cf49dba23df615a0737fccbc06ce7ec2847e181e0b417c3551b3b8237fb9749,private_restricted_bytes,"INSP SitRep: reuse with attribution to INSP + citation of report number/date, confirm distribution with INSP before external republication",,partial,COD
inrb-umie-ebola-drc-2026-build-2026-06-01-b4cafc9,"Institut National de Recherche Biomedicale (INRB), Institut National de Sante Publique (INSP), and Unite de Modelisation et Intelligence Epidemique (UMIE)",national_moh,https://github.com/INRB-UMIE/Ebola_DRC_2026/releases/download/build-2026-06-01-b4cafc9/build-2026-06-01-b4cafc9.tar.gz,2026-06-01T22:17:27Z,2026-06-02T00:00:00Z,7886b235e96f4e02c9e03d82bfc1187b6ae73a4b85aad649157d583601476c42,private_restricted_bytes,"code-MIT (Kraemer Lab, University of Oxford); data-INSP SitReps: reuse with attribution to INSP + citation of report number/date, confirm distribution with INSP before external republication",,partial,COD
cdc-current-situation-2026-06-02,US Centers for Disease Control and Prevention,official_cdc,https://www.cdc.gov/ebola/situation-summary/index.html,2026-06-02T00:00:00Z,2026-06-03T00:00:00Z,3f7dabc39c48f5a9289db0415ad8141803dcfb702313828778a5c177f4084cc5,private_restricted_bytes,public-domain-us-gov,,success,COD; UGA
ecdc-bdbv-drc-uga-2026-06-03-live,European Centre for Disease Prevention and Control,official_ecdc,https://www.ecdc.europa.eu/en/ebola-virus-disease-outbreak-democratic-republic-congo-and-uganda,2026-06-03T00:00:00Z,2026-06-03T00:00:00Z,9deeb129e5f6c1116c60626be14d64b04b53bd135324ffeecd3fd61140767b83,private_restricted_bytes,ecdc-reuse-with-attribution,,success,COD; UGA
inrb-sitrep-018-2026-06-01,"Centre d'Operations d'Urgence de Sante Publique (COUSP RDC), Institut National de Sante Publique (INSP), Institut National de Recherche Biomedicale (INRB), Ministere de la Sante Publique, Hygiene et Prevoyance Sociale, Republique Democratique du Congo",national_moh,https://insp.cd/wp-content/uploads/2026/06/Daft-SitRep_MVE_RDC_N18_01_06_2026_JO_PA-Final-1.pdf,2026-06-02T16:15:46Z,2026-06-03T15:17:00Z,14833f7e1a65b61b5222cc46b2f9531d7a57e4e8f0724009447b9319c86614c8,private_restricted_bytes,"INSP SitRep: reuse with attribution to INSP + citation of report number/date, confirm distribution with INSP before external republication",,partial,COD
inrb-sitrep-019-2026-06-02,"Centre d'Operations d'Urgence de Sante Publique (COUSP RDC), Institut National de Sante Publique (INSP), Institut National de Recherche Biomedicale (INRB), Ministere de la Sante Publique, Hygiene et Prevoyance Sociale, Republique Democratique du Congo",national_moh,https://insp.cd/wp-content/uploads/2026/06/Draft-1-SitRep_MVE_RDC_N19_02_06_2026-_JO_PA-FINAL.-2.pdf,2026-06-03T15:49:12Z,2026-06-03T17:17:00Z,347720b747a917db84122dcc5689957a2483cf01223a7ef356f648893ec5df73,private_restricted_bytes,"INSP SitRep: reuse with attribution to INSP + citation of report number/date, confirm distribution with INSP before external republication",,partial,COD
inrb-sitrep-020-2026-06-03,"Centre d'Operations d'Urgence de Sante Publique (COUSP RDC), Institut National de Sante Publique (INSP), Institut National de Recherche Biomedicale (INRB), Ministere de la Sante Publique, Hygiene et Prevoyance Sociale, Republique Democratique du Congo",national_moh,https://insp.cd/wp-content/uploads/2026/06/Draft-2-SitRep_MVE_RDC_N20_02_06_2026-_JO_PA-FINAL.pdf,2026-06-04T18:28:56Z,2026-06-04T19:22:25Z,6f1c2cf12404cf5d3d6ed04dc01767a5688fab2efee5b4715764c25bd9b7d1ac,private_restricted_bytes,"INSP SitRep: reuse with attribution to INSP + citation of report number/date, confirm distribution with INSP before external republication",,partial,COD
inrb-sitrep-021-2026-06-04,"Centre d'Operations d'Urgence de Sante Publique (COUSP RDC), Institut National de Sante Publique (INSP), Institut National de Recherche Biomedicale (INRB), Ministere de la Sante Publique, Hygiene et Prevoyance Sociale, Republique Democratique du Congo",national_moh,https://insp.cd/wp-content/uploads/2026/06/SitRep_MVE_RDC_N21_04_JUIN_2026-_JO_PA-FINAL_OK.pdf,2026-06-05T00:00:00Z,2026-06-05T14:32:00Z,2a085f4451ee9222593c0938f21aa585d4027db607fea0275407ac4757363aec,private_restricted_bytes,"INSP SitRep: reuse with attribution to INSP + citation of report number/date, confirm distribution with INSP before external republication",,partial,COD
inrb-sitrep-022-2026-06-05,"Centre d'Operations d'Urgence de Sante Publique (COUSP RDC), Institut National de Sante Publique (INSP), Institut National de Recherche Biomedicale (INRB), Ministere de la Sante Publique, Hygiene et Prevoyance Sociale, Republique Democratique du Congo",national_moh,https://insp.cd/wp-content/uploads/2026/06/VF_SitRep_MVE_RDC_N22_06_06_2026-FD_JO2_PA.pdf,2026-06-06T00:00:00Z,2026-06-06T18:00:00Z,fb012aa6ffb2e98643e1f0a532112b652b7ed94b31fe69273ef1419ecb085a0b,private_restricted_bytes,"INSP SitRep: reuse with attribution to INSP + citation of report number/date, confirm distribution with INSP before external republication",,partial,COD
inrb-sitrep-023-2026-06-06,"Centre d'Operations d'Urgence de Sante Publique (COUSP RDC), Institut National de Sante Publique (INSP), Institut National de Recherche Biomedicale (INRB), Ministere de la Sante Publique, Hygiene et Prevoyance Sociale, Republique Democratique du Congo",national_moh,https://insp.cd/wp-content/uploads/2026/06/VF-Draft-Final-SitRep_MVE_RDC_NA%C2%B023_07_06_2026-FD.pdf,2026-06-07T00:00:00Z,2026-06-07T20:23:12Z,f0307be57a990c621746e22407e5977d0822e655195d59ac0d7ac23b1612aff8,private_restricted_bytes,"INSP SitRep: reuse with attribution to INSP + citation of report number/date, confirm distribution with INSP before external republication",,partial,COD
uganda-moh-ebola-update-2026-06-06,Uganda Ministry of Health,national_moh,https://www.health.go.ug/,2026-06-06T00:00:00Z,2026-06-08T16:35:00Z,095fcee92599d7787db178358b209d9c73cced965899d0e7817dabd97cf5047d,private_restricted_bytes,publisher-terms-not-confirmed,,success,UGA
who-daily-epi-bdbv-2026-06-08,World Health Organization,official_who,https://www.afro.who.int/,2026-06-08T00:00:00Z,2026-06-08T16:40:00Z,b0e7d62781d79677f7f5d608a59f252feea100b3eeb735b4a278653cedff9265,private_restricted_bytes,CC-BY-NC-SA-3.0-IGO,,success,COD; UGA
inrb-sitrep-024-2026-06-07,"Centre d'Operations d'Urgence de Sante Publique (COUSP RDC), Institut National de Sante Publique (INSP), Institut National de Recherche Biomedicale (INRB), Ministere de la Sante Publique, Hygiene et Prevoyance Sociale, Republique Democratique du Congo",national_moh,https://insp.cd/wp-content/uploads/2026/06/SitRep_MVE_RDC_N%C2%B024_07_06_2026-FD.pdf,2026-06-08T18:11:27Z,2026-06-08T20:33:02Z,3d5646b5f3e65764fd6b0bcf9a282a9a6a4f461bc4210ae2c152fe7350e460a9,private_restricted_bytes,"INSP SitRep: reuse with attribution to INSP + citation of report number/date, confirm distribution with INSP before external republication",,partial,COD
who-don606-bdbv-2026-06-08,World Health Organization,official_who,https://www.who.int/emergencies/disease-outbreak-news/item/2026-DON606,2026-06-08T00:00:00Z,2026-06-08T20:33:02Z,7e18133b8b6728cf0aa5d71569024fda835310b946ab12e2bc8446b7f98b9cfc,private_restricted_bytes,CC-BY-NC-SA-3.0-IGO,,success,COD; UGA
inrb-sitrep-025-2026-06-08,"Centre d'Operations d'Urgence de Sante Publique (COUSP RDC), Institut National de Sante Publique (INSP), Institut National de Recherche Biomedicale (INRB), Ministere de la Sante Publique, Hygiene et Prevoyance Sociale, Republique Democratique du Congo",national_moh,https://insp.cd/wp-content/uploads/2026/06/SitRep_MVE_RDC_N%C2%B025_08_06_2026-FD-1.pdf,2026-06-09T21:41:43Z,2026-06-10T00:50:55Z,46768bbb0b7deba44ccb740cce2de37023f1ab39f3e78b37e8a6ad986dd36c81,private_restricted_bytes,"INSP SitRep: reuse with attribution to INSP + citation of report number/date, confirm distribution with INSP before external republication",,partial,COD
inrb-sitrep-026-2026-06-09,"Centre d'Operations d'Urgence de Sante Publique (COUSP RDC), Institut National de Sante Publique (INSP), Institut National de Recherche Biomedicale (INRB), Ministere de la Sante Publique, Hygiene et Prevoyance Sociale, Republique Democratique du Congo",national_moh,https://insp.cd/wp-content/uploads/2026/06/SitRep_MVE_RDC_N%C2%B026_09_06_2026_Final.pdf,2026-06-10T18:57:54Z,2026-06-10T20:37:54Z,cf674a59b2d59b4edb10f58d61eb8588991bbf1ca5e043a096b5f852c27677a6,private_restricted_bytes,"INSP SitRep: reuse with attribution to INSP + citation of report number/date, confirm distribution with INSP before external republication",,partial,COD
inrb-sitrep-027-2026-06-10,"Institut National de Sante Publique (INSP), Democratic Republic of the Congo",national_moh,https://insp.cd/wp-content/uploads/2026/06/Draft_1_SitRep_MVE_RDC_N%C2%B027_10_06_2026-2.pdf,2026-06-11T15:40:17Z,2026-06-11T16:56:07Z,1b2af34d471dceda805615ea795a91f7d2b3b32773add7b2e6e785a0ece051f4,private_restricted_bytes,"INSP SitRep: reuse with attribution to INSP + citation of report number/date, confirm distribution with INSP before external republication",,partial,COD
inrb-umie-ebola-drc-2026-build-2026-06-11-37f84e5,"Institut National de Recherche Biomedicale (INRB), Institut National de Sante Publique (INSP), and Unite de Modelisation et Intelligence Epidemique (UMIE)",national_moh,https://github.com/INRB-UMIE/BDBV2026-Data/releases/download/build-2026-06-11-37f84e5/build-2026-06-11-37f84e5.tar.gz,2026-06-11T18:07:12Z,2026-06-12T17:16:17Z,84ec95c143fcc6c8547a7c8760f824e9a07b03ca655c4a27b249ad6ad1aacd9b,private_restricted_bytes,"code-MIT (Kraemer Lab, University of Oxford); data-INSP SitReps: reuse with attribution to INSP + citation of report number/date, confirm distribution with INSP before external republication",,partial,COD
inrb-sitrep-028-2026-06-11,"Institut National de Sante Publique (INSP), Democratic Republic of the Congo",national_moh,https://insp.cd/wp-content/uploads/2026/06/SitRep_MVE_RDC_N%C2%B028_11062026_Final.pdf,2026-06-12T18:15:05Z,2026-06-12T20:48:38Z,b7d9261c860f5dd1ead43f4b59493ccb5668a754a8b1fa9a2ad7acb7589ad987,private_restricted_bytes,"INSP SitRep: reuse with attribution to INSP + citation of report number/date, confirm distribution with INSP before external republication",,reviewed,COD
inrb-umie-ebola-drc-2026-build-2026-06-12-1dfdf1e,"Institut National de Recherche Biomedicale (INRB), Institut National de Sante Publique (INSP), and Unite de Modelisation et Intelligence Epidemique (UMIE)",national_moh,https://github.com/INRB-UMIE/BDBV2026-Data/releases/download/build-2026-06-12-1dfdf1e/build-2026-06-12-1dfdf1e.tar.gz,2026-06-12T20:45:27Z,2026-06-12T22:45:00Z,bd6226e1241c49f2a82b7ab77232426d1b9fb18f945c2da9ab2d112e5bba3e46,private_restricted_bytes,"code-MIT (Kraemer Lab, University of Oxford); data-INSP SitReps: reuse with attribution to INSP + citation of report number/date, confirm distribution with INSP before external republication",,partial,COD
inrb-sitrep-030-2026-06-13,"Institut National de Sante Publique (INSP), Democratic Republic of the Congo",national_moh,https://insp.cd/wp-content/uploads/2026/06/Draft-Final_SitRep_MVE_RDC_N%C2%B030_13_06_2026-FD-1-1.pdf,2026-06-14T16:51:21Z,2026-06-14T21:58:47Z,8de93e5eebbf5e97263a18de2e4aaa635e6377832372e70c5c66ad14900f53aa,private_restricted_bytes,"INSP SitRep: reuse with attribution to INSP + citation of report number/date, confirm distribution with INSP before external republication",,reviewed,COD
inrb-sitrep-031-2026-06-14,"Institut National de Sante Publique (INSP), Democratic Republic of the Congo",national_moh,https://media.githubusercontent.com/media/INRB-UMIE/BDBV2026-Data/main/data/insp_sitrep/raw/SitRep_MVE_31_2026.pdf,2026-06-15T18:00:00Z,2026-06-16T16:00:00Z,5021541c0b26ce5fc8d172664d11e5ed300d128cf6ba006466bfc269d6f687bc,private_restricted_bytes,"INSP SitRep: reuse with attribution to INSP + citation of report number/date, confirm distribution with INSP before external republication",,reviewed,COD
inrb-sitrep-032-2026-06-15,"Institut National de Sante Publique (INSP), Democratic Republic of the Congo",national_moh,https://media.githubusercontent.com/media/INRB-UMIE/BDBV2026-Data/main/data/insp_sitrep/raw/SitRep_MVE_032_2026.pdf,2026-06-16T18:00:00Z,2026-06-16T16:00:00Z,9c25ac85c6f6bf90b5a0965514a2452fd5abcee9f9760b9d0d68fba35fcc4dfb,private_restricted_bytes,"INSP SitRep: reuse with attribution to INSP + citation of report number/date, confirm distribution with INSP before external republication",,reviewed,COD
inrb-sitrep-033-2026-06-16,"Institut National de Sante Publique (INSP), Democratic Republic of the Congo",national_moh,https://insp.cd/wp-content/uploads/2026/06/SitRep_MVE_RDC_N%C2%B033_16_06_2026.pdf,2026-06-16T18:00:00Z,2026-06-18T12:35:00Z,b70cd26f0bceba7ed91ac86dfbeaec776106385885536ce383d368068a6eb6cf,private_restricted_bytes,"INSP SitRep: reuse with attribution to INSP + citation of report number/date, confirm distribution with INSP before external republication",,reviewed,COD
inrb-sitrep-034-2026-06-17,"Institut National de Sante Publique (INSP), Democratic Republic of the Congo",national_moh,https://insp.cd/wp-content/uploads/2026/06/Draft-1-SitRep_MVE_RDC_N34_17_06_2026_JO2-1.pdf,2026-06-18T18:00:00Z,2026-06-19T01:20:00Z,d9fb49946779aeb643a21aaebb47126b08ae4e440c8056f303f445abde211ab6,private_restricted_bytes,"INSP SitRep: reuse with attribution to INSP + citation of report number/date, confirm distribution with INSP before external republication",,reviewed,COD
inrb-sitrep-035-2026-06-18,"Institut National de Sante Publique (INSP), Democratic Republic of the Congo",national_moh,https://insp.cd/wp-content/uploads/2026/06/Draft-Final-SitRep_MVE_RDC_N35_18_06_2026.pdf,2026-06-20T09:48:08Z,2026-06-20T13:56:50Z,242cd2568fabd2f7f1e0088675c69d634a0a50a7c5a6809428a0208cf5798cbf,private_restricted_bytes,"INSP SitRep: reuse with attribution to INSP + citation of report number/date, confirm distribution with INSP before external republication",,reviewed,COD
inrb-umie-ebola-drc-2026-build-2026-06-19-368aa8b,"Institut National de Recherche Biomedicale (INRB), Institut National de Sante Publique (INSP), and Unite de Modelisation et Intelligence Epidemique (UMIE)",national_moh,https://github.com/INRB-UMIE/BDBV2026-Data/releases/download/build-2026-06-19-368aa8b/build-2026-06-19-368aa8b.tar.gz,2026-06-19T14:17:58Z,2026-06-20T13:56:50Z,2887a24e6238fffbc2d011a6252c92994b6c97c2d2ef4ca6f2f88e54e4cd144a,private_restricted_bytes,"code-MIT (Kraemer Lab, University of Oxford); data-INSP SitReps: reuse with attribution to INSP + citation of report number/date, confirm distribution with INSP before external republication",,partial,COD
insp-wordpress-sitrep-n035-api-wp25030-2026-06-20,"Institut National de Sante Publique (INSP), Democratic Republic of the Congo",national_moh,https://insp.cd/wp-content/uploads/2026/06/Draft-Final-SitRep_MVE_RDC_N35_18_06_2026.pdf,2026-06-20T09:48:08Z,2026-06-20T13:56:50Z,e87d0cd0b89b26d812a44ce56ca511f4303b66c614554c4de04e68fa79f72268,private_restricted_bytes,"INSP SitRep: reuse with attribution to INSP + citation of report number/date, confirm distribution with INSP before external republication",,review_pending,COD
insp-wordpress-sitrep-n035-pdf-media25031-2026-06-20,"Institut National de Sante Publique (INSP), Democratic Republic of the Congo",national_moh,https://insp.cd/wp-content/uploads/2026/06/Draft-Final-SitRep_MVE_RDC_N35_18_06_2026.pdf,2026-06-20T09:48:08Z,2026-06-20T13:56:50Z,242cd2568fabd2f7f1e0088675c69d634a0a50a7c5a6809428a0208cf5798cbf,private_restricted_bytes,"INSP SitRep: reuse with attribution to INSP + citation of report number/date, confirm distribution with INSP before external republication",,review_pending,COD
inrb-sitrep-036-2026-06-19,"Institut National de Sante Publique (INSP), Democratic Republic of the Congo",national_moh,https://insp.cd/wp-content/uploads/2026/06/VF-SitRep_MVE_RDC_N°036_19_06_2026.pdf,2026-06-20T19:24:25Z,2026-06-20T21:55:00Z,fab8484c44b8c1dc40fb9bd812e0e963a95142f8a1241c7b0505f71a40a36439,private_restricted_bytes,"INSP SitRep: reuse with attribution to INSP + citation of report number/date, confirm distribution with INSP before external republication",,reviewed,COD
uganda-moh-ebola-update-2026-06-20,Uganda Ministry of Health,national_moh,https://evd-daily.health.go.ug/,2026-06-20T00:00:00Z,2026-06-20T21:55:00Z,6a3a6c7a2e6df39bf165c454674ec6e0a5c6ec4d20bd243cffa7fd24d3a79ca4,private_restricted_bytes,Uganda Ministry of Health public dashboard; cite source URL and retrieval date.,,reviewed,UGA
inrb-sitrep-037-2026-06-20,"Institut National de Sante Publique (INSP), Democratic Republic of the Congo",national_moh,https://insp.cd/wp-content/uploads/2026/06/Draft-Final-SitRep_MVE_RDC_N°037_20_06_2026.pdf,2026-06-22T14:08:23Z,2026-06-22T14:57:09Z,389770d734cea7353cadb5317daf761e49f7ba79cc5f69fb6b2bf681aba80e38,private_restricted_bytes,"INSP SitRep: reuse with attribution to INSP + citation of report number/date, confirm distribution with INSP before external republication",,reviewed,COD
insp-wordpress-sitrep-n037-api-wp25037-2026-06-22,"Institut National de Sante Publique (INSP), Democratic Republic of the Congo",national_moh,https://insp.cd/wp-content/uploads/2026/06/Draft-Final-SitRep_MVE_RDC_N°037_20_06_2026.pdf,2026-06-22T14:08:23Z,2026-06-22T14:57:09Z,596450f9f5434233842d6ea110c961fb5cc707a363b81bc60997f45d893d0ff8,private_restricted_bytes,"INSP SitRep: reuse with attribution to INSP + citation of report number/date, confirm distribution with INSP before external republication",,review_pending,COD
inrb-sitrep-038-2026-06-21,"Institut National de Sante Publique (INSP), Democratic Republic of the Congo",national_moh,https://insp.cd/wp-content/uploads/2026/06/SitRep_MVE_RDC_N038_21Jun2026_Final_JO2_260622_235251.pdf,2026-06-22T22:04:15Z,2026-06-23T03:20:00Z,f8a45cefa139ba0e9c945db36375c3522ac71cf6898503ef7bf328e8a3af5224,private_restricted_bytes,"INSP SitRep: reuse with attribution to INSP + citation of report number/date, confirm distribution with INSP before external republication",,reviewed,COD
uganda-moh-ebola-update-2026-06-21,Uganda Ministry of Health,national_moh,https://evd-daily.health.go.ug/,2026-06-21T00:00:00Z,2026-06-23T03:50:00Z,a94f26b62ddeba31648a3766782b52f9ef67341a2d18a0171e83cb37e7ce2aeb,private_restricted_bytes,Uganda Ministry of Health public dashboard; cite source URL and retrieval date.,,reviewed,UGA
inrb-sitrep-039-2026-06-22,"Institut National de Sante Publique (INSP), Democratic Republic of the Congo",national_moh,https://insp.cd/wp-content/uploads/2026/06/Draft-1-SitRep_MVE_RDC_N039_22_06_2026_260623_211140.pdf,2026-06-23T21:45:09Z,2026-06-23T22:30:00Z,00d159032158b2955e6be84d9155faadddd140c484ec1f42e44dfab025c4e79f,private_restricted_bytes,"INSP SitRep: reuse with attribution to INSP + citation of report number/date, confirm distribution with INSP before external republication",,reviewed,COD
inrb-sitrep-040-2026-06-23,"Institut National de Sante Publique (INSP), Democratic Republic of the Congo",national_moh,https://insp.cd/wp-content/uploads/2026/06/Draft-1-SitRep_MVE_RDC_N%C2%B0040_23_06_2026.pdf,2026-06-25T10:09:34Z,2026-06-25T13:20:00Z,cbfe0414399f008c51ac90d7aa3fb552574eb02dd453fe290fa04f2cdb7ff9c3,private_restricted_bytes,"INSP SitRep: reuse with attribution to INSP + citation of report number/date, confirm distribution with INSP before external republication",,reviewed,COD
inrb-sitrep-041-2026-06-24,"Institut National de Sante Publique (INSP), Democratic Republic of the Congo",national_moh,https://insp.cd/wp-content/uploads/2026/06/Final-SitRep_MVE_RDC_N%C2%B0041_24_06_2026-1.pdf,2026-06-25T22:03:56Z,2026-06-26T01:30:00Z,656822f7d31650f2b46c602c7decd620fd7ebb4b9f92d5e0bde730b8184182c2,private_restricted_bytes,"INSP SitRep: reuse with attribution to INSP + citation of report number/date, confirm distribution with INSP before external republication",,reviewed,COD
inrb-sitrep-042-2026-06-25,"Institut National de Sante Publique (INSP), Democratic Republic of the Congo",national_moh,https://insp.cd/wp-content/uploads/2026/06/Draft-1-SitRep_MVE_RDC_N%C2%B0042_25_06_2026.pdf,2026-06-26T16:50:44Z,2026-06-26T17:05:04Z,4da7b98c54b0b5e445dfd139c80b4a2df627683a8535888dd19acdec92001a97,private_restricted_bytes,"INSP SitRep: reuse with attribution to INSP + citation of report number/date, confirm distribution with INSP before external republication",,reviewed,COD
inrb-sitrep-044-2026-06-27,"Institut National de Sante Publique (INSP), Democratic Republic of the Congo",national_moh,https://insp.cd/wp-content/uploads/2026/06/Final-SitRep_MVE_RDC_N%C2%B0044_27_06_2026.pdf,2026-06-28T21:41:42Z,2026-06-28T23:06:36Z,122a15ac6296926dd1ff8c05e0c605fd8f4612943145c3097264d3df66d897f1,private_restricted_bytes,"INSP SitRep: reuse with attribution to INSP + citation of report number/date, confirm distribution with INSP before external republication",,reviewed,COD
inrb-sitrep-046-2026-06-29,"Institut National de Sante Publique (INSP), Democratic Republic of the Congo",national_moh,https://insp.cd/wp-content/uploads/2026/07/Draft-SitRep_MVE_RDC_NA%C2%B0046_29_06_2026_PAZ.pdf,2026-07-01T06:42:54Z,2026-07-02T13:13:04Z,6b36553a0203f198c8b6808621182a73d06bf92cdadda60b0a0052f9d7c77beb,private_restricted_bytes,"INSP SitRep: reuse with attribution to INSP + citation of report number/date, confirm distribution with INSP before external republication",,reviewed,COD
inrb-sitrep-047-2026-06-30,"Institut National de Sante Publique (INSP), Democratic Republic of the Congo",national_moh,https://insp.cd/wp-content/uploads/2026/07/Draft-Final-SitRep_MVE_RDC_NA%C2%B0047_30_06_2026_IM.pdf,2026-07-02T04:50:22Z,2026-07-02T13:27:19Z,a7596c30ac0794f5f2b5b1242daa767f6963d56facb531afc10f61eec9191ec6,private_restricted_bytes,"INSP SitRep: reuse with attribution to INSP + citation of report number/date, confirm distribution with INSP before external republication",,reviewed,COD
inrb-sitrep-048-2026-07-01,"Institut National de Sante Publique (INSP), Democratic Republic of the Congo",national_moh,https://insp.cd/wp-content/uploads/2026/07/SitRep_MVE_RDC_20260701_OK.pdf,2026-07-03T06:22:59Z,2026-07-03T12:00:00Z,8e22f356abc231471fa8f23ceb5b0789d9b8b3ecb87d4219afb8d4a02c7f41e5,private_restricted_bytes,"INSP SitRep: reuse with attribution to INSP + citation of report number/date, confirm distribution with INSP before external republication",,reviewed,COD
inrb-sitrep-049-2026-07-02,"Institut National de Sante Publique (INSP), Democratic Republic of the Congo",national_moh,https://insp.cd/wp-content/uploads/2026/07/SitRep_MVE_RDC_N°049_02_07_2026-3.pdf,2026-07-03T20:10:19Z,2026-07-03T21:00:00Z,e47833cc259a49798d094acab04b660012a37d18008533486cfc96d0e604728c,private_restricted_bytes,"INSP SitRep: reuse with attribution to INSP + citation of report number/date, confirm distribution with INSP before external republication",,reviewed,COD
inrb-sitrep-050-2026-07-03,"Institut National de Sante Publique (INSP), Democratic Republic of the Congo",national_moh,https://insp.cd/wp-content/uploads/2026/07/Draft_SitRep_MVE_RDC_N°050_04_07_2026.pdf,2026-07-04T19:32:31Z,2026-07-05T00:00:00Z,37880c6d4af5da91940d7a6afbf049cb6ca84c5d972ce1d58d479775e6160864,private_restricted_bytes,"INSP SitRep: reuse with attribution to INSP + citation of report number/date, confirm distribution with INSP before external republication",,reviewed,COD
inrb-sitrep-051-2026-07-04,"Institut National de Sante Publique (INSP), Democratic Republic of the Congo",national_moh,https://insp.cd/wp-content/uploads/2026/07/SitRep_MVE_RDC_N°051_04_07_2026.pdf,2026-07-05T20:26:47Z,2026-07-05T21:00:00Z,b01c0699fb60a6be23703c91b657994b3bdc25dc200f98f561bae3177fedc767,private_restricted_bytes,"INSP SitRep: reuse with attribution to INSP + citation of report number/date, confirm distribution with INSP before external republication",,reviewed,COD
inrb-sitrep-052-2026-07-05,"Institut National de Sante Publique (INSP), Democratic Republic of the Congo",national_moh,https://insp.cd/wp-content/uploads/2026/07/Draft_SitRep_MVE_RDC_N°052_05_07_2026_CORRIGE-1.pdf,2026-07-07T18:09:24Z,2026-07-07T18:09:24Z,437c86d14b06b9f31821c7aa9bf2701af6f5275a5ab4f655f5d74dec202a3c52,private_restricted_bytes,"INSP SitRep: reuse with attribution to INSP + citation of report number/date, confirm distribution with INSP before external republication",,reviewed,COD
inrb-sitrep-053-2026-07-06,"Institut National de Sante Publique (INSP), Democratic Republic of the Congo",national_moh,https://insp.cd/wp-content/uploads/2026/07/Draft_SitRep_MVE_RDC_N°053_06_07_2026_NEW.pdf,2026-07-07T23:43:50Z,2026-07-07T23:43:50Z,d8d21e9c003d1ae7b3b50bdb99c5d1e516ec5bd3e2580ff3f92a54a23c694c9a,private_restricted_bytes,"INSP SitRep: reuse with attribution to INSP + citation of report number/date, confirm distribution with INSP before external republication",,reviewed,COD
inrb-sitrep-054-2026-07-07,"Institut National de Sante Publique (INSP), Democratic Republic of the Congo",national_moh,https://insp.cd/wp-content/uploads/2026/07/Draft2_SitRep_MVE_RDC_N°054_07_07_2026.pdf,2026-07-08T22:21:34Z,2026-07-08T22:21:34Z,a8086420e34653d8803d7dd6371f5de83f23a7a526be8ceca61987edd932abbb,private_restricted_bytes,"INSP SitRep: reuse with attribution to INSP + citation of report number/date, confirm distribution with INSP before external republication",,reviewed,COD
inrb-sitrep-055-2026-07-08,"Institut National de Sante Publique (INSP), Democratic Republic of the Congo",national_moh,https://insp.cd/wp-content/uploads/2026/07/Draft_SitRep_MVE_RDC_N°055_08_07_2026.pdf,2026-07-09T21:03:28Z,2026-07-09T21:03:28Z,44706aea5157df826e05f4be706abca3acf93033d0e586a31c8e03711a94d91b,private_restricted_bytes,"INSP SitRep: reuse with attribution to INSP + citation of report number/date, confirm distribution with INSP before external republication",,reviewed,COD
inrb-sitrep-056-2026-07-09,"Institut National de Sante Publique (INSP), Democratic Republic of the Congo",national_moh,https://insp.cd/wp-content/uploads/2026/07/SitRep_MVE_RDC_N°56_09-07-2026.pdf,2026-07-11T11:38:14Z,2026-07-11T14:05:00Z,a195bf3c631a8e3547206a5085db54b29861d17e3b1d5f3a291e96160f9f989b,private_restricted_bytes,"INSP SitRep: reuse with attribution to INSP + citation of report number/date, confirm distribution with INSP before external republication",,reviewed,COD
inrb-sitrep-057-2026-07-10,"Institut National de Sante Publique (INSP), Democratic Republic of the Congo",national_moh,https://insp.cd/wp-content/uploads/2026/07/Draft_SitRep_MVE_RDC_NA°57_10-07-2026_IM_SAM_vf.pdf,2026-07-12T11:10:28Z,2026-07-12T19:56:00Z,141c9539a4cc0a4a2c31f6972280e4f4251ecedc4aa3e1bf5f7123b53ecb6d05,private_restricted_bytes,"INSP SitRep: reuse with attribution to INSP + citation of report number/date, confirm distribution with INSP before external republication",,reviewed,COD
inrb-sitrep-058-2026-07-11,"Institut National de Sante Publique (INSP), Democratic Republic of the Congo",national_moh,https://insp.cd/wp-content/uploads/2026/07/Draft_SitRep_MVE_RDC_N°58_11-07-2026-final.pdf,2026-07-12T21:47:44Z,2026-07-12T22:12:00Z,c62e6dda952cfacbc159d5735ce2f8e526f66e48d920eb47a632e2835e931185,private_restricted_bytes,"INSP SitRep: reuse with attribution to INSP + citation of report number/date, confirm distribution with INSP before external republication",,reviewed,COD
inrb-sitrep-059-2026-07-12,"Institut National de Sante Publique (INSP), Democratic Republic of the Congo",national_moh,https://insp.cd/wp-content/uploads/2026/07/SitRep-MVE-17-No59-Analytique-final-3.pdf,2026-07-14T07:15:49Z,2026-07-14T14:58:07Z,73a0a4bdb74084f4d506fb538562a68596287b31ed30c0fe5aa2d2f10a0ea91e,private_restricted_bytes,"INSP SitRep: reuse with attribution to INSP + citation of report number/date, confirm distribution with INSP before external republication",,reviewed,COD
inrb-sitrep-060-2026-07-13,"Institut National de Sante Publique (INSP), Democratic Republic of the Congo",national_moh,https://insp.cd/wp-content/uploads/2026/07/Draft_SitRep_MVE_RDC_N%C2%B060_13-07-2026_Analytique_VF.pdf,2026-07-14T21:52:25Z,2026-07-15T00:00:00Z,d169542ecf17c4f83614098866bcf3a544dd96c3a3f42606fa0963917b23fcbb,private_restricted_bytes,"INSP SitRep: reuse with attribution to INSP + citation of report number/date, confirm distribution with INSP before external republication",,reviewed,COD
inrb-sitrep-061-2026-07-14,"Institut National de Sante Publique (INSP), Democratic Republic of the Congo",national_moh,https://insp.cd/wp-content/uploads/2026/07/Draft_SitRep_MVE_RDC_N_61_14-07-2026_Analytique.pdf,2026-07-16T06:39:20Z,2026-07-16T00:00:00Z,b8d1228d2bf1160176e5704f13cc9ee9cafe3b04b52a8ab6ecb8e28bb1ee52ae,private_restricted_bytes,"INSP SitRep: reuse with attribution to INSP + citation of report number/date, confirm distribution with INSP before external republication",,reviewed,COD
inrb-sitrep-062-2026-07-15,"Institut National de Sante Publique (INSP), Democratic Republic of the Congo",national_moh,https://insp.cd/wp-content/uploads/2026/07/Draft_SitRep_MVE_RDC_N_62_15-07-2026_VF.pdf,2026-07-16T20:15:52Z,2026-07-17T00:00:00Z,dfbd55ed538573b45bf8a0947accaebd54a5fcadf34e68160e21da5e0855374e,private_restricted_bytes,"INSP SitRep: reuse with attribution to INSP + citation of report number/date, confirm distribution with INSP before external republication",,reviewed,COD
inrb-sitrep-063-2026-07-16,"Institut National de Sante Publique (INSP), Democratic Republic of the Congo",national_moh,https://insp.cd/wp-content/uploads/2026/07/SitRep_MVE_RDC_N_63_16-07-2026_Final.pdf,2026-07-17T23:02:11Z,2026-07-18T00:00:00Z,e09dc671dd7d68b6fcf99550e7d2a599fda66512d98dce30f1d5062440c6279f,private_restricted_bytes,"INSP SitRep: reuse with attribution to INSP + citation of report number/date, confirm distribution with INSP before external republication",,reviewed,COD
inrb-sitrep-064-2026-07-17,"Institut National de Sante Publique (INSP), Democratic Republic of the Congo",national_moh,https://insp.cd/wp-content/uploads/2026/07/SitRep_MVE_RDC_N°_64_17-07-2026_OKK-2.pdf,2026-07-18T23:28:36Z,2026-07-19T00:00:00Z,9458cd2adaea90b7bd8002c4c6d869b34d615e05eab3e224a69fa06f31f49a53,private_restricted_bytes,"INSP SitRep: reuse with attribution to INSP + citation of report number/date, confirm distribution with INSP before external republication",,reviewed,COD
inrb-sitrep-065-2026-07-18,"Institut National de Sante Publique (INSP), Democratic Republic of the Congo",national_moh,https://insp.cd/wp-content/uploads/2026/07/SitRep_MVE_RDC_N°_65_18-07-2026.pdf,2026-07-19T22:11:53Z,2026-07-20T00:00:00Z,204bde53343a36c2c343e4982b54fcbbc684204f688f10e2c1d31ad3391bf914,private_restricted_bytes,"INSP SitRep: reuse with attribution to INSP + citation of report number/date, confirm distribution with INSP before external republication",,reviewed,COD
inrb-sitrep-066-2026-07-19,"Institut National de Sante Publique (INSP), Democratic Republic of the Congo",national_moh,https://insp.cd/wp-content/uploads/2026/07/SitRep_MVE_RDC_N°_66_19-07-2026.pdf,2026-07-20T21:45:18Z,2026-07-21T00:00:00Z,cca0b151591c66824a791965964f608f3d8fc8d6ee9c243a8ad215c8807faf5b,private_restricted_bytes,"INSP SitRep: reuse with attribution to INSP + citation of report number/date, confirm distribution with INSP before external republication",,reviewed,COD
inrb-sitrep-067-2026-07-20,"Institut National de Sante Publique (INSP), Democratic Republic of the Congo",national_moh,https://insp.cd/wp-content/uploads/2026/07/SitRep_MVE_RDC_N°_67_20-07-2026.pdf,2026-07-22T08:55:19Z,2026-07-22T14:10:00Z,32edfc9d78068773da67f0040d1b43d916a4c0bb264fe6d7c2b98532adbcfe2a,private_restricted_bytes,"INSP SitRep: reuse with attribution to INSP + citation of report number/date, confirm distribution with INSP before external republication",,reviewed,COD
inrb-sitrep-068-2026-07-21,"Institut National de Sante Publique (INSP), Democratic Republic of the Congo",national_moh,https://insp.cd/wp-content/uploads/2026/07/SitRep_MVE_RDC_N°_68_21-07-2026.pdf,2026-07-22T23:57:32Z,2026-07-23T00:00:00Z,3a2a0329be3f9038fc43665a48c1a557f588a0fe4682ebdd9fcc7ff6cdbd2936,private_restricted_bytes,"INSP SitRep: reuse with attribution to INSP + citation of report number/date, confirm distribution with INSP before external republication",,reviewed,COD
inrb-sitrep-069-2026-07-22,"Institut National de Sante Publique (INSP), Democratic Republic of the Congo",national_moh,https://insp.cd/wp-content/uploads/2026/07/SitRep_MVE_RDC_N°_69_22-07-2026.pdf,2026-07-24T09:04:32Z,2026-07-24T00:00:00Z,ff252db2cc7b7edcb6d7116c5977460001e4104641c79b66248275c65f263bd1,private_restricted_bytes,"INSP SitRep: reuse with attribution to INSP + citation of report number/date, confirm distribution with INSP before external republication",,reviewed,COD
inrb-sitrep-070-2026-07-23,"Institut National de Sante Publique (INSP), Democratic Republic of the Congo",national_moh,https://insp.cd/wp-content/uploads/2026/07/SitRep_MVE_RDC_N°_70_23-07-2026.pdf,2026-07-25T06:37:41Z,2026-07-25T00:00:00Z,bf66814c9228eb8e30c523d9f4c10b4fe997d9a14ed49ff4008e36d038331547,private_restricted_bytes,"INSP SitRep: reuse with attribution to INSP + citation of report number/date, confirm distribution with INSP before external republication",,reviewed,COD
inrb-sitrep-071-2026-07-24,"Institut National de Sante Publique (INSP), Democratic Republic of the Congo",national_moh,https://insp.cd/wp-content/uploads/2026/07/SitRep_MVE_RDC_N°_71_24-07-2026.pdf,2026-07-25T22:38:09Z,2026-07-26T00:00:00Z,75631cfe8a240bd44a8afb0caa43c8bfccdccd6f35448e71e9a0e0f9cf813306,private_restricted_bytes,"INSP SitRep: reuse with attribution to INSP + citation of report number/date, confirm distribution with INSP before external republication",,reviewed,COD
inrb-sitrep-072-2026-07-25,"Institut National de Sante Publique (INSP), Democratic Republic of the Congo",national_moh,https://insp.cd/wp-content/uploads/2026/07/SitRep_MVE_RDC_N°_72_25-07-2026.pdf,2026-07-26T22:33:17Z,2026-07-27T00:00:00Z,7aaebe9ac2af074e4556c408e4efaf59d5082f50ece2bfd0dc079492de696f5f,private_restricted_bytes,"INSP SitRep: reuse with attribution to INSP + citation of report number/date, confirm distribution with INSP before external republication",,reviewed,COD
inrb-sitrep-073-2026-07-26,"Institut National de Sante Publique (INSP), Democratic Republic of the Congo",national_moh,https://insp.cd/wp-content/uploads/2026/07/SitRep_MVE_RDC_N%C2%B0_73_26-07-2026.pdf,2026-07-28T03:23:43Z,2026-07-28T12:30:00Z,f24c52e66be84e43d0fd9a3dcfe3c02174a583b52188fd11228ca2d856e78128,private_restricted_bytes,"INSP SitRep: reuse with attribution to INSP + citation of report number/date, confirm distribution with INSP before external republication",,reviewed,COD
inrb-sitrep-074-2026-07-27,"Institut National de Sante Publique (INSP), Democratic Republic of the Congo",national_moh,https://insp.cd/wp-content/uploads/2026/07/SitRep_MVE_RDC_N%C2%B0_74_27-07-2026_OKKK.pdf,2026-07-29T06:55:59Z,2026-07-29T10:30:00Z,2cc0d9353be3ca04270a82a68497a54c7c7ce58f21ccd9603ccd6997540c45c7,private_restricted_bytes,"INSP SitRep: reuse with attribution to INSP + citation of report number/date, confirm distribution with INSP before external republication",,reviewed,COD
inrb-sitrep-077-2026-07-30,"Institut National de Sante Publique (INSP), Democratic Republic of the Congo",national_moh,https://insp.cd/wp-content/uploads/2026/08/SitRep_MVE_RDC_N_077_30-07-2026.pdf,2026-08-01T04:33:15Z,2026-08-01T15:09:35Z,49eaf5bb4ca1165f2d2f75c3d0afaeda2eaeba56e216970c0d065cf74f180580,private_restricted_bytes,"INSP SitRep: reuse with attribution to INSP + citation of report number/date, confirm distribution with INSP before external republication",,reviewed,COD
inrb-sitrep-078-2026-07-31,"Institut National de Sante Publique (INSP), Democratic Republic of the Congo",national_moh,https://insp.cd/wp-content/uploads/2026/08/SitRep_MVE_RDC_N_078_31-07-2026.pdf,2026-08-01T21:55:05Z,2026-08-02T09:27:16Z,27396ead73b599e9278d8a61f8fe39060f8b72122466a76e5194a36294ee6bca,private_restricted_bytes,"INSP SitRep: reuse with attribution to INSP + citation of report number/date, confirm distribution with INSP before external republication",,reviewed,COD
inrb-sitrep-079-2026-08-01,"Institut National de Sante Publique (INSP), Democratic Republic of the Congo",national_moh,https://insp.cd/wp-content/uploads/2026/08/SitRep_MVE_RDC_N_079_01-08-2026.pdf,2026-08-02T21:30:50Z,2026-08-03T07:28:00Z,f0b2d49221074615fbdfdee22561a9ac8fffc947f46ec238443985a78cf0c0ed,private_restricted_bytes,"INSP SitRep: reuse with attribution to INSP + citation of report number/date, confirm distribution with INSP before external republication",,reviewed,COD
inrb-sitrep-080-2026-08-02,"Institut National de Sante Publique (INSP), Democratic Republic of the Congo",national_moh,https://insp.cd/wp-content/uploads/2026/08/SitRep_MVE_RDC_N_080_02-08-2026.pdf,2026-08-03T23:08:22Z,2026-08-04T12:30:00Z,fae9db4cc474db768ed75063681811e09e5d9441e3e72aad2d47d3e2009692f1,private_restricted_bytes,"INSP SitRep: reuse with attribution to INSP + citation of report number/date, confirm distribution with INSP before external republication",,reviewed,COD
inrb-sitrep-081-2026-08-03,"Institut National de Sante Publique (INSP), Democratic Republic of the Congo",national_moh,https://insp.cd/wp-content/uploads/2026/08/SitRep_MVE_RDC_N_081_03_08_2026_VF.pdf,2026-08-04T20:35:15Z,2026-08-05T07:38:05Z,d342d30b1eaf941c50996d9fe1a92e20aacf430b711ef5a9405a259c65ccfd59,private_restricted_bytes,"INSP SitRep: reuse with attribution to INSP + citation of report number/date, confirm distribution with INSP before external republication",,reviewed,COD
inrb-sitrep-082-2026-08-04,"Institut National de Sante Publique (INSP), Democratic Republic of the Congo",national_moh,https://insp.cd/wp-content/uploads/2026/08/SitRep_MVE_RDC_N_082_04_08_2026.pdf,2026-08-05T22:42:16Z,2026-08-06T09:00:00Z,f9060cb391e4b74569ad017fed2dae655909f1415d5ff0abd5a91f00376901d9,private_restricted_bytes,"INSP SitRep: reuse with attribution to INSP + citation of report number/date, confirm distribution with INSP before external republication",,reviewed,COD
inrb-sitrep-083-2026-08-05,"Institut National de Sante Publique (INSP), Democratic Republic of the Congo",national_moh,https://insp.cd/wp-content/uploads/2026/08/SitRep_MVE_RDC_N_083_05-08-2026.pdf,2026-08-09T18:32:11Z,2026-08-09T21:05:54Z,09a93c7321b9bf2a06112f637c33c0266f348f435281326a582cf9006007bc86,private_restricted_bytes,"INSP SitRep: reuse with attribution to INSP + citation of report number/date, confirm distribution with INSP before external republication",,reviewed,COD
inrb-sitrep-084-2026-08-06,"Institut National de Sante Publique (INSP), Democratic Republic of the Congo",national_moh,https://insp.cd/wp-content/uploads/2026/08/SITREP_MVEBDB_084_060826.pdf,2026-08-09T18:34:34Z,2026-08-09T21:16:00Z,b3b0d078061986679e3b77e839512507d720ccc2665e17c98a553cc9f6d50fc6,private_restricted_bytes,"INSP SitRep: reuse with attribution to INSP + citation of report number/date, confirm distribution with INSP before external republication",,reviewed,COD
inrb-sitrep-085-2026-08-07,"Institut National de Sante Publique (INSP), Democratic Republic of the Congo",national_moh,https://insp.cd/wp-content/uploads/2026/08/SITREP_MVEBDB_085_070826_TK-2.pdf,2026-08-09T18:37:02Z,2026-08-09T21:16:00Z,cf5ca1ad5f9ed10fe4ca84f2f646ce5cd5812dd06bcf4ec15347831da8397669,private_restricted_bytes,"INSP SitRep: reuse with attribution to INSP + citation of report number/date, confirm distribution with INSP before external republication",,reviewed,COD
inrb-umie-ebola-drc-2026-build-2026-08-12-f88b09d,"Institut National de Recherche Biomedicale (INRB), Institut National de Sante Publique (INSP), and Unite de Modelisation et Intelligence Epidemique (UMIE)",national_moh,https://github.com/INRB-UMIE/BDBV2026-Data/releases/download/build-2026-08-12-f88b09d/build-2026-08-12-f88b09d.tar.gz,2026-08-12T10:15:35Z,2026-08-12T15:00:19Z,6f75040f8639e03d1556d9c3b75d3ba7247d9750759f0c31400f830c7a922a31,private_restricted_bytes,"code-MIT (Kraemer Lab, University of Oxford); data-INSP SitReps: reuse with attribution to INSP + citation of report number/date, confirm distribution with INSP before external republication",,partial,COD
insp-linkedin-sitrep-086-2026-08-09,"Institut National de Sante Publique (INSP), Democratic Republic of the Congo",national_moh,https://fr.linkedin.com/posts/insp-rdc_ebolardc-stopebola-sant%C3%A9publiquerdc-activity-7492851407071391744-dqPm,2026-08-11T07:56:25Z,2026-08-12T15:18:00Z,a9849e20449f4caf5ed9af906d9023e9d8eb177692626f80d0d702ed711bf3cd,private_restricted_bytes,"INSP SitRep image packet published to INSP's official LinkedIn feed: reuse with attribution to INSP + citation of the situation date, confirm distribution with INSP before external republication",,reviewed,COD
insp-linkedin-sitrep-087-2026-08-10,"Institut National de Sante Publique (INSP), Democratic Republic of the Congo",national_moh,https://fr.linkedin.com/posts/insp-rdc_insp-stopebola-ebolardc-activity-7493221894909771776-hdPq,2026-08-12T08:28:37Z,2026-08-12T15:18:00Z,47c28351cc6e3b7c85e8442ed72699184a092ac92e108d31fcaf891a8653152b,private_restricted_bytes,"INSP SitRep image packet published to INSP's official LinkedIn feed: reuse with attribution to INSP + citation of the situation date, confirm distribution with INSP before external republication",,reviewed,COD
inrb-sitrep-088-2026-08-10,Institut National de Sante Publique RDC,,,2026-08-11T00:00:00Z,2026-08-13T22:58:17Z,6b0f322ee340d3a88a44f33323c8c5f05d92ebe572155ca45d0721a59fba987c,private_restricted_bytes,"INSP SitRep: reuse with attribution to INSP + citation of report number/date, confirm distribution with INSP before external republication",,reviewed,COD
inrb-sitrep-089-2026-08-11,Institut National de Sante Publique RDC,,,2026-08-12T00:00:00Z,2026-08-13T22:58:17Z,ef067a4df06d055c256cb974cdb039f527ccbcb24ee625afd719ce2a2852e8c9,private_restricted_bytes,"INSP SitRep: reuse with attribution to INSP + citation of report number/date, confirm distribution with INSP before external republication",,reviewed,COD
inrb-sitrep-015-2026-05-29,INSP / INRB reviewed SitRep promotion,national_moh_reviewed_promotion,file:data/sitrep_promotions/sitrep-015-2026-05-29.json,2026-05-30T00:00:00Z,2026-06-03T00:00:00Z,c270f0b925bfb4e3e2513d5c28c414455ecc7eb5ca4e276a0d08d9d853b0e186,reviewed_promotion_json,INSP SitRep restricted; derived promotion metadata Apache-2.0,Promotion row is a reviewed derived artifact; consult the restricted source bytes and public claim audit before redistributing source PDF content.,reviewed,COD
inrb-sitrep-016-2026-05-30,INSP / INRB reviewed SitRep promotion,national_moh_reviewed_promotion,file:data/sitrep_promotions/sitrep-016-2026-05-30.json,2026-05-31T00:00:00Z,2026-06-03T00:00:00Z,19ef089cfba7766c1693e09b72b18f0feef646cdc658da70276b91fbe1fcd166,reviewed_promotion_json,INSP SitRep restricted; derived promotion metadata Apache-2.0,Promotion row is a reviewed derived artifact; consult the restricted source bytes and public claim audit before redistributing source PDF content.,reviewed,COD
inrb-sitrep-017-2026-05-31,INSP / INRB reviewed SitRep promotion,national_moh_reviewed_promotion,file:data/sitrep_promotions/sitrep-017-2026-05-31.json,2026-06-01T00:00:00Z,2026-06-03T00:00:00Z,8dfde8455c81ee8618941d712fe1421510308749eadcd5c90bf156438a4dd030,reviewed_promotion_json,INSP SitRep restricted; derived promotion metadata Apache-2.0,Promotion row is a reviewed derived artifact; consult the restricted source bytes and public claim audit before redistributing source PDF content.,reviewed,COD
inrb-sitrep-018-2026-06-01,INSP / INRB reviewed SitRep promotion,national_moh_reviewed_promotion,file:data/sitrep_promotions/sitrep-018-2026-06-01.json,2026-06-02T00:00:00Z,2026-06-03T00:00:00Z,b23225f223a6625387e1cf544b91a3faf240e186bce19e6d501847eca64632c2,reviewed_promotion_json,INSP SitRep restricted; derived promotion metadata Apache-2.0,Promotion row is a reviewed derived artifact; consult the restricted source bytes and public claim audit before redistributing source PDF content.,reviewed,COD
inrb-sitrep-019-2026-06-02,INSP / INRB reviewed SitRep promotion,national_moh_reviewed_promotion,file:data/sitrep_promotions/sitrep-019-2026-06-02.json,2026-06-03T15:49:12Z,2026-06-03T18:30:00Z,afcd815fb894535c172c68f69457e6a400e781da34e734e5c24a0d531a387cc1,reviewed_promotion_json,INSP SitRep restricted; derived promotion metadata Apache-2.0,Promotion row is a reviewed derived artifact; consult the restricted source bytes and public claim audit before redistributing source PDF content.,reviewed,COD
inrb-sitrep-020-2026-06-03,INSP / INRB reviewed SitRep promotion,national_moh_reviewed_promotion,file:data/sitrep_promotions/sitrep-020-2026-06-03.json,2026-06-04T18:30:21,2026-06-04T21:08:34Z,951c85b76dff482e2f9b24fdbb7b816ab8e30b8563dac325d77d168eb68ed2f1,reviewed_promotion_json,INSP SitRep restricted; derived promotion metadata Apache-2.0,Promotion row is a reviewed derived artifact; consult the restricted source bytes and public claim audit before redistributing source PDF content.,reviewed,COD
inrb-sitrep-021-2026-06-04,INSP / INRB reviewed SitRep promotion,national_moh_reviewed_promotion,file:data/sitrep_promotions/sitrep-021-2026-06-04.json,2026-06-05T00:00:00Z,2026-06-05T16:45:00Z,89b07d7ec0a0f045a13089928e17d5fb491a2f3998421b496cd7b7b13fe8e933,reviewed_promotion_json,INSP SitRep restricted; derived promotion metadata Apache-2.0,Promotion row is a reviewed derived artifact; consult the restricted source bytes and public claim audit before redistributing source PDF content.,reviewed,COD
inrb-sitrep-022-2026-06-05,INSP / INRB reviewed SitRep promotion,national_moh_reviewed_promotion,https://insp.cd/wp-content/uploads/2026/06/VF_SitRep_MVE_RDC_N22_06_06_2026-FD_JO2_PA.pdf,2026-06-06T00:00:00Z,2026-06-08T20:15:00Z,27ad75c6b5a271b19879ee787357ae5128e0b1904d0b5ac56a402be5d9caf1df,reviewed_promotion_json,INSP SitRep restricted; derived promotion metadata Apache-2.0,Promotion row is a reviewed derived artifact; consult the restricted source bytes and public claim audit before redistributing source PDF content.,reviewed,COD
inrb-sitrep-023-2026-06-06,INSP / INRB reviewed SitRep promotion,national_moh_reviewed_promotion,https://insp.cd/wp-content/uploads/2026/06/VF-Draft-Final-SitRep_MVE_RDC_NA%C2%B023_07_06_2026-FD.pdf,2026-06-07T00:00:00Z,2026-06-08T20:30:00Z,4e828559075a75bc6eaa39470cf2f78fd5f41473cb3111d058fc22b827f19403,reviewed_promotion_json,INSP SitRep restricted; derived promotion metadata Apache-2.0,Promotion row is a reviewed derived artifact; consult the restricted source bytes and public claim audit before redistributing source PDF content.,reviewed,COD
inrb-sitrep-024-2026-06-07,INSP / INRB reviewed SitRep promotion,national_moh_reviewed_promotion,https://insp.cd/wp-content/uploads/2026/06/SitRep_MVE_RDC_N%C2%B024_07_06_2026-FD.pdf,2026-06-08T18:11:27Z,2026-06-08T21:05:00Z,91b36d4cfedcf7566feac8d5309bea50a883b7bc53b2cfb4aca1caa32fdb9cf2,reviewed_promotion_json,INSP SitRep restricted; derived promotion metadata Apache-2.0,Promotion row is a reviewed derived artifact; consult the restricted source bytes and public claim audit before redistributing source PDF content.,reviewed,COD
inrb-sitrep-025-2026-06-08,INSP / INRB reviewed SitRep promotion,national_moh_reviewed_promotion,https://insp.cd/wp-content/uploads/2026/06/SitRep_MVE_RDC_N%C2%B025_08_06_2026-FD-1.pdf,2026-06-09T21:41:43Z,2026-06-10T00:50:55Z,c7d4b486df1da88d6abc6cf6a7dff13fd074b0879622c806201a8285c92e1265,reviewed_promotion_json,INSP SitRep restricted; derived promotion metadata Apache-2.0,Promotion row is a reviewed derived artifact; consult the restricted source bytes and public claim audit before redistributing source PDF content.,reviewed,COD
inrb-sitrep-026-2026-06-09,INSP / INRB reviewed SitRep promotion,national_moh_reviewed_promotion,https://insp.cd/wp-content/uploads/2026/06/SitRep_MVE_RDC_N%C2%B026_09_06_2026_Final.pdf,2026-06-10T18:57:54Z,2026-06-10T20:37:54Z,9eed98ff359aacfd561e95c5ca1d437960327e5b04fed1ef281e40773b113ad8,reviewed_promotion_json,INSP SitRep restricted; derived promotion metadata Apache-2.0,Promotion row is a reviewed derived artifact; consult the restricted source bytes and public claim audit before redistributing source PDF content.,reviewed,COD
inrb-sitrep-027-2026-06-10,INSP / INRB reviewed SitRep promotion,national_moh_reviewed_promotion,https://insp.cd/wp-content/uploads/2026/06/Draft_1_SitRep_MVE_RDC_N%C2%B027_10_06_2026-2.pdf,2026-06-11T15:40:17Z,2026-06-11T16:56:07Z,c936d885e31fad647bde2e1bbefc7e2156dc1c6de701c007bfbf9ab8bb423867,reviewed_promotion_json,INSP SitRep restricted; derived promotion metadata Apache-2.0,Promotion row is a reviewed derived artifact; consult the restricted source bytes and public claim audit before redistributing source PDF content.,reviewed,COD
inrb-sitrep-028-2026-06-11,INSP / INRB reviewed SitRep promotion,national_moh_reviewed_promotion,https://insp.cd/wp-content/uploads/2026/06/SitRep_MVE_RDC_N%C2%B028_11062026_Final.pdf,2026-06-12T18:15:05Z,2026-06-12T20:48:38Z,5365afbc09d2013961957b9b40184e058bc199e57f8dc517dafc82a26bacb1ca,reviewed_promotion_json,INSP SitRep restricted; derived promotion metadata Apache-2.0,Promotion row is a reviewed derived artifact; consult the restricted source bytes and public claim audit before redistributing source PDF content.,reviewed,COD
inrb-sitrep-030-2026-06-13,INSP / INRB reviewed SitRep promotion,national_moh_reviewed_promotion,https://insp.cd/wp-content/uploads/2026/06/Draft-Final_SitRep_MVE_RDC_N%C2%B030_13_06_2026-FD-1-1.pdf,2026-06-14T16:51:21Z,2026-06-14T21:58:47Z,e4b8822b9931eadb28c388821702f918447e756c50d2c682d760e1a97344f063,reviewed_promotion_json,INSP SitRep restricted; derived promotion metadata Apache-2.0,Promotion row is a reviewed derived artifact; consult the restricted source bytes and public claim audit before redistributing source PDF content.,reviewed,COD
inrb-sitrep-031-2026-06-14,INSP / INRB reviewed SitRep promotion,national_moh_reviewed_promotion,https://media.githubusercontent.com/media/INRB-UMIE/BDBV2026-Data/main/data/insp_sitrep/raw/SitRep_MVE_31_2026.pdf,2026-06-15T18:00:00Z,2026-06-16T16:00:00Z,744e981168427766b041eabbe2b4e4c90ae62a246084047b20c832abb6a1d66f,reviewed_promotion_json,INSP SitRep restricted; derived promotion metadata Apache-2.0,Promotion row is a reviewed derived artifact; consult the restricted source bytes and public claim audit before redistributing source PDF content.,reviewed,COD
inrb-sitrep-032-2026-06-15,INSP / INRB reviewed SitRep promotion,national_moh_reviewed_promotion,https://media.githubusercontent.com/media/INRB-UMIE/BDBV2026-Data/main/data/insp_sitrep/raw/SitRep_MVE_032_2026.pdf,2026-06-16T18:00:00Z,2026-06-16T22:55:00Z,69555977d74771aaa2e6274a423472206b6c3587a7a28535149c15fbd08e52e3,reviewed_promotion_json,INSP SitRep restricted; derived promotion metadata Apache-2.0,Promotion row is a reviewed derived artifact; consult the restricted source bytes and public claim audit before redistributing source PDF content.,reviewed,COD
inrb-sitrep-033-2026-06-16,INSP / INRB reviewed SitRep promotion,national_moh_reviewed_promotion,https://insp.cd/wp-content/uploads/2026/06/SitRep_MVE_RDC_N%C2%B033_16_06_2026.pdf,2026-06-17T18:00:00Z,2026-06-18T13:20:00Z,ebd7fe11d2a9ea4f3704dab8aaef09cf8b70c84909553b673557918846ec4d79,reviewed_promotion_json,INSP SitRep restricted; derived promotion metadata Apache-2.0,Promotion row is a reviewed derived artifact; consult the restricted source bytes and public claim audit before redistributing source PDF content.,reviewed,COD
inrb-sitrep-034-2026-06-17,INSP / INRB reviewed SitRep promotion,national_moh_reviewed_promotion,https://insp.cd/wp-content/uploads/2026/06/Draft-1-SitRep_MVE_RDC_N34_17_06_2026_JO2-1.pdf,2026-06-18T18:00:00Z,2026-06-19T01:20:00Z,b791d74cf3af4bbbff3bcdbb9e38121488caec03bba380d11dcc249b48cb3544,reviewed_promotion_json,INSP SitRep restricted; derived promotion metadata Apache-2.0,Promotion row is a reviewed derived artifact; consult the restricted source bytes and public claim audit before redistributing source PDF content.,reviewed,COD
inrb-sitrep-035-2026-06-18,INSP / INRB reviewed SitRep promotion,national_moh_reviewed_promotion,https://insp.cd/wp-content/uploads/2026/06/Draft-Final-SitRep_MVE_RDC_N35_18_06_2026.pdf,2026-06-20T09:48:08Z,2026-06-20T14:10:00Z,c5c28e6d4ab0f6cd772720562896551b47dd307f96b1003333cb3e8eac8e13b9,reviewed_promotion_json,INSP SitRep restricted; derived promotion metadata Apache-2.0,Promotion row is a reviewed derived artifact; consult the restricted source bytes and public claim audit before redistributing source PDF content.,reviewed,COD
inrb-sitrep-036-2026-06-19,INSP / INRB reviewed SitRep promotion,national_moh_reviewed_promotion,https://insp.cd/wp-content/uploads/2026/06/VF-SitRep_MVE_RDC_N°036_19_06_2026.pdf,2026-06-20T19:24:25Z,2026-06-20T22:05:00Z,27d0856d1fd449876056cbd8c74f29ff0060cf4c5b43ed66a241a16d528b50bb,reviewed_promotion_json,INSP SitRep restricted; derived promotion metadata Apache-2.0,Promotion row is a reviewed derived artifact; consult the restricted source bytes and public claim audit before redistributing source PDF content.,reviewed,COD
inrb-sitrep-037-2026-06-20,INSP / INRB reviewed SitRep promotion,national_moh_reviewed_promotion,https://insp.cd/wp-content/uploads/2026/06/Draft-Final-SitRep_MVE_RDC_N°037_20_06_2026.pdf,2026-06-22T14:08:23Z,2026-06-22T15:30:00Z,b35e22583daa793dda0cab65b237ece6f2e7a80657d8003bc272bdde6e4c4d2b,reviewed_promotion_json,INSP SitRep restricted; derived promotion metadata Apache-2.0,Promotion row is a reviewed derived artifact; consult the restricted source bytes and public claim audit before redistributing source PDF content.,reviewed,COD
inrb-sitrep-038-2026-06-21,INSP / INRB reviewed SitRep promotion,national_moh_reviewed_promotion,https://insp.cd/wp-content/uploads/2026/06/SitRep_MVE_RDC_N038_21Jun2026_Final_JO2_260622_235251.pdf,2026-06-22T22:04:15Z,2026-06-23T03:20:00Z,ebe8ab99e39f5fca82e49bd90931a3ff1288b40e3409d6d3e65425a53102e92b,reviewed_promotion_json,INSP SitRep restricted; derived promotion metadata Apache-2.0,Promotion row is a reviewed derived artifact; consult the restricted source bytes and public claim audit before redistributing source PDF content.,reviewed,COD
inrb-sitrep-039-2026-06-22,INSP / INRB reviewed SitRep promotion,national_moh_reviewed_promotion,https://insp.cd/wp-content/uploads/2026/06/Draft-1-SitRep_MVE_RDC_N039_22_06_2026_260623_211140.pdf,2026-06-23T21:45:09Z,2026-06-23T22:30:00Z,ae810d6058050cc87618c5a6718b499dac061f2c9b0ba083235868d4f9d824d8,reviewed_promotion_json,INSP SitRep restricted; derived promotion metadata Apache-2.0,Promotion row is a reviewed derived artifact; consult the restricted source bytes and public claim audit before redistributing source PDF content.,reviewed,COD
inrb-sitrep-040-2026-06-23,INSP / INRB reviewed SitRep promotion,national_moh_reviewed_promotion,https://insp.cd/wp-content/uploads/2026/06/Draft-1-SitRep_MVE_RDC_N%C2%B0040_23_06_2026.pdf,2026-06-25T10:09:34Z,2026-06-25T13:20:00Z,b801b95368eaa608d809f2610431d8a18a49bbc86b3afbe4040422a93a163c70,reviewed_promotion_json,INSP SitRep restricted; derived promotion metadata Apache-2.0,Promotion row is a reviewed derived artifact; consult the restricted source bytes and public claim audit before redistributing source PDF content.,reviewed,COD
inrb-sitrep-041-2026-06-24,INSP / INRB reviewed SitRep promotion,national_moh_reviewed_promotion,https://insp.cd/wp-content/uploads/2026/06/Final-SitRep_MVE_RDC_N%C2%B0041_24_06_2026-1.pdf,2026-06-25T22:03:56Z,2026-06-26T02:00:00Z,2513aaa756d0c6ab6e248ae427c6d81e32ec44263232dd7cb6b6d36d4e4a2d61,reviewed_promotion_json,INSP SitRep restricted; derived promotion metadata Apache-2.0,Promotion row is a reviewed derived artifact; consult the restricted source bytes and public claim audit before redistributing source PDF content.,reviewed,COD
inrb-sitrep-042-2026-06-25,INSP / INRB reviewed SitRep promotion,national_moh_reviewed_promotion,https://insp.cd/wp-content/uploads/2026/06/Draft-1-SitRep_MVE_RDC_N%C2%B0042_25_06_2026.pdf,2026-06-26T16:50:44Z,2026-06-26T18:00:00Z,bc9897b8b1217815d79ddc5b13453838b7ac033ff4c7674793469cf6845f3fc1,reviewed_promotion_json,INSP SitRep restricted; derived promotion metadata Apache-2.0,Promotion row is a reviewed derived artifact; consult the restricted source bytes and public claim audit before redistributing source PDF content.,reviewed,COD
inrb-sitrep-044-2026-06-27,INSP / INRB reviewed SitRep promotion,national_moh_reviewed_promotion,https://insp.cd/wp-content/uploads/2026/06/Final-SitRep_MVE_RDC_N%C2%B0044_27_06_2026.pdf,2026-06-28T21:41:42Z,2026-06-28T22:30:00Z,bcac8f358c780ef19cfcf4085bf1c3b0fea4404dbec69b39014998d11e2ad09b,reviewed_promotion_json,INSP SitRep restricted; derived promotion metadata Apache-2.0,Promotion row is a reviewed derived artifact; consult the restricted source bytes and public claim audit before redistributing source PDF content.,reviewed,COD
inrb-sitrep-046-2026-06-29,INSP / INRB reviewed SitRep promotion,national_moh_reviewed_promotion,https://insp.cd/wp-content/uploads/2026/07/Draft-SitRep_MVE_RDC_NA%C2%B0046_29_06_2026_PAZ.pdf,2026-07-01T06:42:54Z,2026-07-02T00:00:00Z,eee60939aa5e9dac0a7baf44d2c4458d7b326625acdd8ba7686ba672a80abd03,reviewed_promotion_json,INSP SitRep restricted; derived promotion metadata Apache-2.0,Promotion row is a reviewed derived artifact; consult the restricted source bytes and public claim audit before redistributing source PDF content.,reviewed,COD
inrb-sitrep-047-2026-06-30,INSP / INRB reviewed SitRep promotion,national_moh_reviewed_promotion,https://insp.cd/wp-content/uploads/2026/07/Draft-Final-SitRep_MVE_RDC_NA%C2%B0047_30_06_2026_IM.pdf,2026-07-02T04:50:22Z,2026-07-02T00:00:00Z,8363b312dbc307319bb12a8bdaddbe9add0f74719d1750d599b8189b99134d7e,reviewed_promotion_json,INSP SitRep restricted; derived promotion metadata Apache-2.0,Promotion row is a reviewed derived artifact; consult the restricted source bytes and public claim audit before redistributing source PDF content.,reviewed,COD
inrb-sitrep-048-2026-07-01,INSP / INRB reviewed SitRep promotion,national_moh_reviewed_promotion,https://insp.cd/wp-content/uploads/2026/07/SitRep_MVE_RDC_20260701_OK.pdf,2026-07-03T06:22:59Z,2026-07-03T00:00:00Z,1deb08b9871259d660cb42c27fb56ea550e9affe36e6e617efd3971e4ae81619,reviewed_promotion_json,INSP SitRep restricted; derived promotion metadata Apache-2.0,Promotion row is a reviewed derived artifact; consult the restricted source bytes and public claim audit before redistributing source PDF content.,reviewed,COD
inrb-sitrep-049-2026-07-02,INSP / INRB reviewed SitRep promotion,national_moh_reviewed_promotion,https://insp.cd/wp-content/uploads/2026/07/SitRep_MVE_RDC_N°049_02_07_2026-3.pdf,2026-07-03T20:10:19Z,2026-07-03T00:00:00Z,f913331b6b8c0f1fff5df22cdab4aba892f649d9a6f57ff3d057d995f3eda520,reviewed_promotion_json,INSP SitRep restricted; derived promotion metadata Apache-2.0,Promotion row is a reviewed derived artifact; consult the restricted source bytes and public claim audit before redistributing source PDF content.,reviewed,COD
inrb-sitrep-050-2026-07-03,INSP / INRB reviewed SitRep promotion,national_moh_reviewed_promotion,https://insp.cd/wp-content/uploads/2026/07/Draft_SitRep_MVE_RDC_N°050_04_07_2026.pdf,2026-07-04T19:32:31Z,2026-07-05T00:00:00Z,ba87db3ccf7ba3b9bf0e702bb3cfc972d2be8ca11a02e11d19bc972733615dcd,reviewed_promotion_json,INSP SitRep restricted; derived promotion metadata Apache-2.0,Promotion row is a reviewed derived artifact; consult the restricted source bytes and public claim audit before redistributing source PDF content.,reviewed,COD
inrb-sitrep-051-2026-07-04,INSP / INRB reviewed SitRep promotion,national_moh_reviewed_promotion,https://insp.cd/wp-content/uploads/2026/07/SitRep_MVE_RDC_N°051_04_07_2026.pdf,2026-07-05T20:26:47Z,2026-07-05T21:00:00Z,97c6049c7057d5efd9c2118764ce9b49a684af4ec03c6947d421fa23fe0bdace,reviewed_promotion_json,INSP SitRep restricted; derived promotion metadata Apache-2.0,Promotion row is a reviewed derived artifact; consult the restricted source bytes and public claim audit before redistributing source PDF content.,reviewed,COD
inrb-sitrep-052-2026-07-05,INSP / INRB reviewed SitRep promotion,national_moh_reviewed_promotion,https://insp.cd/wp-content/uploads/2026/07/Draft_SitRep_MVE_RDC_N°052_05_07_2026_CORRIGE-1.pdf,2026-07-07T18:09:24Z,2026-07-07T18:09:24Z,4fc32abecc1fe5249fd22dc25ada60ef1b8151a464ec94915aa5c7d3a7e9c413,reviewed_promotion_json,INSP SitRep restricted; derived promotion metadata Apache-2.0,Promotion row is a reviewed derived artifact; consult the restricted source bytes and public claim audit before redistributing source PDF content.,reviewed,COD
inrb-sitrep-053-2026-07-06,INSP / INRB reviewed SitRep promotion,national_moh_reviewed_promotion,https://insp.cd/wp-content/uploads/2026/07/Draft_SitRep_MVE_RDC_N°053_06_07_2026_NEW.pdf,2026-07-07T23:43:50Z,2026-07-07T23:43:50Z,8420963c43e4c4c53c38c641a868d336b6a37e542ab4d9b6903922453c96770a,reviewed_promotion_json,INSP SitRep restricted; derived promotion metadata Apache-2.0,Promotion row is a reviewed derived artifact; consult the restricted source bytes and public claim audit before redistributing source PDF content.,reviewed,COD
inrb-sitrep-054-2026-07-07,INSP / INRB reviewed SitRep promotion,national_moh_reviewed_promotion,https://insp.cd/wp-content/uploads/2026/07/Draft2_SitRep_MVE_RDC_N°054_07_07_2026.pdf,2026-07-08T22:21:34Z,2026-07-08T22:56:44Z,9bea55aef23099c574a38a9aee232afa6f8e5ad6ff0ff5cca3532525d3ce3c37,reviewed_promotion_json,INSP SitRep restricted; derived promotion metadata Apache-2.0,Promotion row is a reviewed derived artifact; consult the restricted source bytes and public claim audit before redistributing source PDF content.,reviewed,COD
inrb-sitrep-055-2026-07-08,INSP / INRB reviewed SitRep promotion,national_moh_reviewed_promotion,https://insp.cd/wp-content/uploads/2026/07/Draft_SitRep_MVE_RDC_N°055_08_07_2026.pdf,2026-07-09T21:03:28Z,2026-07-09T23:59:10Z,4ea56310b9e7ee588cdc7a6ca534d461c535ff197b037c4dbd134641cf21f22c,reviewed_promotion_json,INSP SitRep restricted; derived promotion metadata Apache-2.0,Promotion row is a reviewed derived artifact; consult the restricted source bytes and public claim audit before redistributing source PDF content.,reviewed,COD
inrb-sitrep-056-2026-07-09,INSP / INRB reviewed SitRep promotion,national_moh_reviewed_promotion,https://insp.cd/wp-content/uploads/2026/07/SitRep_MVE_RDC_N°56_09-07-2026.pdf,2026-07-11T11:38:14Z,2026-07-11T14:05:00Z,f4e445b804599c9acbbe7a568bba26e173ccf4114b1e2f718d3135d56f04f0ab,reviewed_promotion_json,INSP SitRep restricted; derived promotion metadata Apache-2.0,Promotion row is a reviewed derived artifact; consult the restricted source bytes and public claim audit before redistributing source PDF content.,reviewed,COD
inrb-sitrep-057-2026-07-10,INSP / INRB reviewed SitRep promotion,national_moh_reviewed_promotion,https://insp.cd/wp-content/uploads/2026/07/Draft_SitRep_MVE_RDC_NA°57_10-07-2026_IM_SAM_vf.pdf,2026-07-12T11:10:28Z,2026-07-12T20:10:00Z,16049ce4e60e3bbec8474290ae6b1b6c88031f2dd954b869115d1295d1620423,reviewed_promotion_json,INSP SitRep restricted; derived promotion metadata Apache-2.0,Promotion row is a reviewed derived artifact; consult the restricted source bytes and public claim audit before redistributing source PDF content.,reviewed,COD
inrb-sitrep-058-2026-07-11,INSP / INRB reviewed SitRep promotion,national_moh_reviewed_promotion,https://insp.cd/wp-content/uploads/2026/07/Draft_SitRep_MVE_RDC_N°58_11-07-2026-final.pdf,2026-07-12T21:47:44Z,2026-07-12T22:13:00Z,8d215feffbda8139949439cb113a6739e3dcc15360b9163aec6dca16131a2505,reviewed_promotion_json,INSP SitRep restricted; derived promotion metadata Apache-2.0,Promotion row is a reviewed derived artifact; consult the restricted source bytes and public claim audit before redistributing source PDF content.,reviewed,COD
inrb-sitrep-059-2026-07-12,INSP / INRB reviewed SitRep promotion,national_moh_reviewed_promotion,https://insp.cd/wp-content/uploads/2026/07/SitRep-MVE-17-No59-Analytique-final-3.pdf,2026-07-14T07:15:49Z,2026-07-14T14:35:51Z,9a90c4c236f1b65187cf49f0efb94773866cbb865b757f9aef06143f3a87710d,reviewed_promotion_json,INSP SitRep restricted; derived promotion metadata Apache-2.0,Promotion row is a reviewed derived artifact; consult the restricted source bytes and public claim audit before redistributing source PDF content.,reviewed,COD
inrb-sitrep-060-2026-07-13,INSP / INRB reviewed SitRep promotion,national_moh_reviewed_promotion,https://insp.cd/wp-content/uploads/2026/07/Draft_SitRep_MVE_RDC_N%C2%B060_13-07-2026_Analytique_VF.pdf,2026-07-14T21:52:25Z,2026-07-15T00:00:00Z,ed9dd8445e3d5a7278b45f1ad96f0179511815df0e39f39c74ba259f9472c11b,reviewed_promotion_json,INSP SitRep restricted; derived promotion metadata Apache-2.0,Promotion row is a reviewed derived artifact; consult the restricted source bytes and public claim audit before redistributing source PDF content.,reviewed,COD
inrb-sitrep-061-2026-07-14,INSP / INRB reviewed SitRep promotion,national_moh_reviewed_promotion,https://insp.cd/wp-content/uploads/2026/07/Draft_SitRep_MVE_RDC_N_61_14-07-2026_Analytique.pdf,2026-07-16T06:39:20Z,2026-07-16T00:00:00Z,cbed56fe4d30b03154a34962a7775702340a4cf0ccb035e17b4998739b3c3488,reviewed_promotion_json,INSP SitRep restricted; derived promotion metadata Apache-2.0,Promotion row is a reviewed derived artifact; consult the restricted source bytes and public claim audit before redistributing source PDF content.,reviewed,COD
inrb-sitrep-062-2026-07-15,INSP / INRB reviewed SitRep promotion,national_moh_reviewed_promotion,https://insp.cd/wp-content/uploads/2026/07/Draft_SitRep_MVE_RDC_N_62_15-07-2026_VF.pdf,2026-07-16T20:15:52Z,2026-07-17T00:00:00Z,93820e5590b506d7fae8bb937513cd9f3687271bafd200c5ed63796b5958edf2,reviewed_promotion_json,INSP SitRep restricted; derived promotion metadata Apache-2.0,Promotion row is a reviewed derived artifact; consult the restricted source bytes and public claim audit before redistributing source PDF content.,reviewed,COD
inrb-sitrep-063-2026-07-16,INSP / INRB reviewed SitRep promotion,national_moh_reviewed_promotion,https://insp.cd/wp-content/uploads/2026/07/SitRep_MVE_RDC_N_63_16-07-2026_Final.pdf,2026-07-17T23:02:11Z,2026-07-18T00:00:00Z,c000eb9bbe968956af7183e6c64b84870c389a90ac7049343e92b54bac6b2df9,reviewed_promotion_json,INSP SitRep restricted; derived promotion metadata Apache-2.0,Promotion row is a reviewed derived artifact; consult the restricted source bytes and public claim audit before redistributing source PDF content.,reviewed,COD
inrb-sitrep-064-2026-07-17,INSP / INRB reviewed SitRep promotion,national_moh_reviewed_promotion,https://insp.cd/wp-content/uploads/2026/07/SitRep_MVE_RDC_N°_64_17-07-2026_OKK-2.pdf,2026-07-18T23:28:36Z,2026-07-19T00:00:00Z,ce0eeb3d1f9fc06b107f8c259c91bbe44a0da0b318f0d19bc5921fe7ab90fa4e,reviewed_promotion_json,INSP SitRep restricted; derived promotion metadata Apache-2.0,Promotion row is a reviewed derived artifact; consult the restricted source bytes and public claim audit before redistributing source PDF content.,reviewed,COD
inrb-sitrep-065-2026-07-18,INSP / INRB reviewed SitRep promotion,national_moh_reviewed_promotion,https://insp.cd/wp-content/uploads/2026/07/SitRep_MVE_RDC_N°_65_18-07-2026.pdf,2026-07-19T22:11:53Z,2026-07-20T00:00:00Z,fc9b41c87540d82ffb1a1bc326ce976aec67994294e969083acd7133f6d4de3f,reviewed_promotion_json,INSP SitRep restricted; derived promotion metadata Apache-2.0,Promotion row is a reviewed derived artifact; consult the restricted source bytes and public claim audit before redistributing source PDF content.,reviewed,COD
inrb-sitrep-066-2026-07-19,INSP / INRB reviewed SitRep promotion,national_moh_reviewed_promotion,https://insp.cd/wp-content/uploads/2026/07/SitRep_MVE_RDC_N°_66_19-07-2026.pdf,2026-07-20T21:45:18Z,2026-07-21T00:00:00Z,53d86d836b02c3a6fb6e66ea75962efc1730a69b283d9f1254716cae2aae5d31,reviewed_promotion_json,INSP SitRep restricted; derived promotion metadata Apache-2.0,Promotion row is a reviewed derived artifact; consult the restricted source bytes and public claim audit before redistributing source PDF content.,reviewed,COD
inrb-sitrep-067-2026-07-20,INSP / INRB reviewed SitRep promotion,national_moh_reviewed_promotion,https://insp.cd/wp-content/uploads/2026/07/SitRep_MVE_RDC_N°_67_20-07-2026.pdf,2026-07-22T08:55:19Z,2026-07-22T00:00:00Z,82dd88e8386c3c75f1711ab1f8c5498ee18fa324740567679d6c9a4f0fda2e5a,reviewed_promotion_json,INSP SitRep restricted; derived promotion metadata Apache-2.0,Promotion row is a reviewed derived artifact; consult the restricted source bytes and public claim audit before redistributing source PDF content.,reviewed,COD
inrb-sitrep-068-2026-07-21,INSP / INRB reviewed SitRep promotion,national_moh_reviewed_promotion,https://insp.cd/wp-content/uploads/2026/07/SitRep_MVE_RDC_N°_68_21-07-2026.pdf,2026-07-22T23:57:32Z,2026-07-23T00:00:00Z,34c5f3819ae670c1a9ef7139fcda4b26dd67747d389204d85441e2926c7166ff,reviewed_promotion_json,INSP SitRep restricted; derived promotion metadata Apache-2.0,Promotion row is a reviewed derived artifact; consult the restricted source bytes and public claim audit before redistributing source PDF content.,reviewed,COD
inrb-sitrep-069-2026-07-22,INSP / INRB reviewed SitRep promotion,national_moh_reviewed_promotion,https://insp.cd/wp-content/uploads/2026/07/SitRep_MVE_RDC_N°_69_22-07-2026.pdf,2026-07-24T09:04:32Z,2026-07-24T00:00:00Z,8953accb14de7f4121f0f8e52cee36f4947255983cd8ea341831dc9d49bbe0b4,reviewed_promotion_json,INSP SitRep restricted; derived promotion metadata Apache-2.0,Promotion row is a reviewed derived artifact; consult the restricted source bytes and public claim audit before redistributing source PDF content.,reviewed,COD
inrb-sitrep-070-2026-07-23,INSP / INRB reviewed SitRep promotion,national_moh_reviewed_promotion,https://insp.cd/wp-content/uploads/2026/07/SitRep_MVE_RDC_N°_70_23-07-2026.pdf,2026-07-25T06:37:41Z,2026-07-25T00:00:00Z,dcef1b6c46eac6f3bb3c79185f6c04b640d179eda674475951054f696c9f12cd,reviewed_promotion_json,INSP SitRep restricted; derived promotion metadata Apache-2.0,Promotion row is a reviewed derived artifact; consult the restricted source bytes and public claim audit before redistributing source PDF content.,reviewed,COD
inrb-sitrep-071-2026-07-24,INSP / INRB reviewed SitRep promotion,national_moh_reviewed_promotion,https://insp.cd/wp-content/uploads/2026/07/SitRep_MVE_RDC_N°_71_24-07-2026.pdf,2026-07-25T22:38:09Z,2026-07-26T00:00:00Z,b2c37df389beab6c49c2f30e02183f5461b88fa528a055d41258504cda923f01,reviewed_promotion_json,INSP SitRep restricted; derived promotion metadata Apache-2.0,Promotion row is a reviewed derived artifact; consult the restricted source bytes and public claim audit before redistributing source PDF content.,reviewed,COD
inrb-sitrep-072-2026-07-25,INSP / INRB reviewed SitRep promotion,national_moh_reviewed_promotion,https://insp.cd/wp-content/uploads/2026/07/SitRep_MVE_RDC_N°_72_25-07-2026.pdf,2026-07-26T22:33:17Z,2026-07-27T00:00:00Z,01ab2e3d4a58b15b7f5634d8db276fe84ef1c75328d039c31d4fb5114f16502f,reviewed_promotion_json,INSP SitRep restricted; derived promotion metadata Apache-2.0,Promotion row is a reviewed derived artifact; consult the restricted source bytes and public claim audit before redistributing source PDF content.,reviewed,COD
inrb-sitrep-073-2026-07-26,INSP / INRB reviewed SitRep promotion,national_moh_reviewed_promotion,https://insp.cd/wp-content/uploads/2026/07/SitRep_MVE_RDC_N%C2%B0_73_26-07-2026.pdf,2026-07-28T03:23:43Z,2026-07-28T12:30:00Z,ca57059e863a446fbb35983c66f1e3e3831c8b31f8ccce1b984966d84e7f75fb,reviewed_promotion_json,INSP SitRep restricted; derived promotion metadata Apache-2.0,Promotion row is a reviewed derived artifact; consult the restricted source bytes and public claim audit before redistributing source PDF content.,reviewed,COD
inrb-sitrep-074-2026-07-27,INSP / INRB reviewed SitRep promotion,national_moh_reviewed_promotion,https://insp.cd/wp-content/uploads/2026/07/SitRep_MVE_RDC_N%C2%B0_74_27-07-2026_OKKK.pdf,2026-07-29T06:55:59Z,2026-07-29T10:30:00Z,7b09816d204e24d7cec273e10d3d9a08dcade9b068ebeaf1d46dfbb11ee397a2,reviewed_promotion_json,INSP SitRep restricted; derived promotion metadata Apache-2.0,Promotion row is a reviewed derived artifact; consult the restricted source bytes and public claim audit before redistributing source PDF content.,reviewed,COD
inrb-sitrep-077-2026-07-30,INSP / INRB reviewed SitRep promotion,national_moh_reviewed_promotion,https://insp.cd/wp-content/uploads/2026/08/SitRep_MVE_RDC_N_077_30-07-2026.pdf,2026-08-01T04:33:15Z,2026-08-01T15:09:35Z,805c25b9512bd2f0cf3fb29f2f03a33c10727e8d80f3827f7f1f539830714d2d,reviewed_promotion_json,INSP SitRep restricted; derived promotion metadata Apache-2.0,Promotion row is a reviewed derived artifact; consult the restricted source bytes and public claim audit before redistributing source PDF content.,reviewed,COD
inrb-sitrep-078-2026-07-31,INSP / INRB reviewed SitRep promotion,national_moh_reviewed_promotion,https://insp.cd/wp-content/uploads/2026/08/SitRep_MVE_RDC_N_078_31-07-2026.pdf,2026-08-01T21:55:05Z,2026-08-02T09:27:16Z,f53926a6435d5bf434bcda907688aad5e6c9789bef412126ecd56fba2c518f9c,reviewed_promotion_json,INSP SitRep restricted; derived promotion metadata Apache-2.0,Promotion row is a reviewed derived artifact; consult the restricted source bytes and public claim audit before redistributing source PDF content.,reviewed,COD
inrb-sitrep-079-2026-08-01,INSP / INRB reviewed SitRep promotion,national_moh_reviewed_promotion,https://insp.cd/wp-content/uploads/2026/08/SitRep_MVE_RDC_N_079_01-08-2026.pdf,2026-08-02T21:30:50Z,2026-08-03T07:28:00Z,f602be5e9fd97770ad5462bbe5598c4ce493dc1f8c78404a8738c3221d2131c9,reviewed_promotion_json,INSP SitRep restricted; derived promotion metadata Apache-2.0,Promotion row is a reviewed derived artifact; consult the restricted source bytes and public claim audit before redistributing source PDF content.,reviewed,COD
inrb-sitrep-080-2026-08-02,INSP / INRB reviewed SitRep promotion,national_moh_reviewed_promotion,https://insp.cd/wp-content/uploads/2026/08/SitRep_MVE_RDC_N_080_02-08-2026.pdf,2026-08-03T23:08:22Z,2026-08-04T12:30:00Z,22af38def056ea9892ec4dc01afa3e80260ce8f603bed80ad462c511a7c22feb,reviewed_promotion_json,INSP SitRep restricted; derived promotion metadata Apache-2.0,Promotion row is a reviewed derived artifact; consult the restricted source bytes and public claim audit before redistributing source PDF content.,reviewed,COD
inrb-sitrep-081-2026-08-03,INSP / INRB reviewed SitRep promotion,national_moh_reviewed_promotion,https://insp.cd/wp-content/uploads/2026/08/SitRep_MVE_RDC_N_081_03_08_2026_VF.pdf,2026-08-04T20:35:15Z,2026-08-05T08:05:56Z,a8d78e087cfd96c1b13139a6e9ee94ba5f8580b626d6f126eac42ef4a389093c,reviewed_promotion_json,INSP SitRep restricted; derived promotion metadata Apache-2.0,Promotion row is a reviewed derived artifact; consult the restricted source bytes and public claim audit before redistributing source PDF content.,reviewed,COD
inrb-sitrep-082-2026-08-04,INSP / INRB reviewed SitRep promotion,national_moh_reviewed_promotion,https://insp.cd/wp-content/uploads/2026/08/SitRep_MVE_RDC_N_082_04_08_2026.pdf,2026-08-05T22:42:16Z,2026-08-06T09:00:00Z,8385a844e8f32092990361ccc70384077d885e16a4fa6b815ede45097da29cf4,reviewed_promotion_json,INSP SitRep restricted; derived promotion metadata Apache-2.0,Promotion row is a reviewed derived artifact; consult the restricted source bytes and public claim audit before redistributing source PDF content.,reviewed,COD
inrb-sitrep-083-2026-08-05,INSP / INRB reviewed SitRep promotion,national_moh_reviewed_promotion,https://insp.cd/wp-content/uploads/2026/08/SitRep_MVE_RDC_N_083_05-08-2026.pdf,2026-08-09T18:32:11Z,2026-08-09T21:21:04Z,39d58ebde2fc4b9a16f50728bf6f572e9a5d1a082837160008caa840e18c97d1,reviewed_promotion_json,INSP SitRep restricted; derived promotion metadata Apache-2.0,Promotion row is a reviewed derived artifact; consult the restricted source bytes and public claim audit before redistributing source PDF content.,reviewed,COD
inrb-sitrep-084-2026-08-06,INSP / INRB reviewed SitRep promotion,national_moh_reviewed_promotion,https://insp.cd/wp-content/uploads/2026/08/SITREP_MVEBDB_084_060826.pdf,2026-08-07T00:00:00Z,2026-08-10T09:10:00Z,5889b70f6deb4b6a33729ff4e3cf5864b69cca68dea1dba80af374cf6aa30e06,reviewed_promotion_json,INSP SitRep restricted; derived promotion metadata Apache-2.0,Promotion row is a reviewed derived artifact; consult the restricted source bytes and public claim audit before redistributing source PDF content.,reviewed,COD
inrb-sitrep-085-2026-08-07,INSP / INRB reviewed SitRep promotion,national_moh_reviewed_promotion,https://insp.cd/wp-content/uploads/2026/08/SITREP_MVEBDB_085_070826_TK-2.pdf,2026-08-08T00:00:00Z,2026-08-10T09:10:00Z,98bd799e774fb0dd664f206acac89b6f202ca6fc1a593dadf7da579589ddfdb6,reviewed_promotion_json,INSP SitRep restricted; derived promotion metadata Apache-2.0,Promotion row is a reviewed derived artifact; consult the restricted source bytes and public claim audit before redistributing source PDF content.,reviewed,COD
insp-linkedin-sitrep-086-2026-08-09,INSP / INRB reviewed SitRep promotion,national_moh_reviewed_promotion,https://fr.linkedin.com/posts/insp-rdc_ebolardc-stopebola-sant%C3%A9publiquerdc-activity-7492851407071391744-dqPm,2026-08-11T07:56:25Z,2026-08-12T15:18:00Z,6593e326eff9298092aa0a868bd29a8d1f883febbf1fbe3275867689f9ac4890,reviewed_promotion_json,INSP SitRep restricted; derived promotion metadata Apache-2.0,Promotion row is a reviewed derived artifact; consult the restricted source bytes and public claim audit before redistributing source PDF content.,reviewed,COD
insp-linkedin-sitrep-087-2026-08-10,INSP / INRB reviewed SitRep promotion,national_moh_reviewed_promotion,https://fr.linkedin.com/posts/insp-rdc_insp-stopebola-ebolardc-activity-7493221894909771776-hdPq,2026-08-12T08:28:37Z,2026-08-12T15:18:00Z,dcc2d70cac8e80ca2415907db2d29aab4f4ecf533bd396d3a918565efe178615,reviewed_promotion_json,INSP SitRep restricted; derived promotion metadata Apache-2.0,Promotion row is a reviewed derived artifact; consult the restricted source bytes and public claim audit before redistributing source PDF content.,reviewed,COD
inrb-sitrep-088-2026-08-10,INSP / INRB reviewed SitRep promotion,national_moh_reviewed_promotion,https://insp.cd/wp-content/uploads/2026/08/SITREP_MVEBDB_088_10_08_2026_11.pdf,2026-08-11T00:00:00Z,2026-08-14T07:54:44Z,e57f0f948c7891c917d4c6aebb9080e557f0c24a6daa495c310543727502c29e,reviewed_promotion_json,INSP SitRep restricted; derived promotion metadata Apache-2.0,Promotion row is a reviewed derived artifact; consult the restricted source bytes and public claim audit before redistributing source PDF content.,reviewed,COD
inrb-sitrep-089-2026-08-11,INSP / INRB reviewed SitRep promotion,national_moh_reviewed_promotion,https://insp.cd/wp-content/uploads/2026/08/SITREP_MVEBDB_089_11_08_2026.pdf,2026-08-12T00:00:00Z,2026-08-14T07:54:44Z,1119b449a7c6be4e6e3456c2338872cf1c91b69ba933ecccb33271f3a9a77f23,reviewed_promotion_json,INSP SitRep restricted; derived promotion metadata Apache-2.0,Promotion row is a reviewed derived artifact; consult the restricted source bytes and public claim audit before redistributing source PDF content.,reviewed,COD
