zone_id,source_id,source_data_date,confirmed,confirmed_deaths,source_row_status
adja,inrb-sitrep-136-2026-09-27,2026-09-27,11,1,present_with_data
ariwara,inrb-sitrep-136-2026-09-27,2026-09-27,8,2,present_with_data
aru,inrb-sitrep-136-2026-09-27,2026-09-27,8,6,present_with_data
aungba,inrb-sitrep-136-2026-09-27,2026-09-27,12,5,present_with_data
bafwasende,inrb-sitrep-136-2026-09-27,2026-09-27,7,1,present_with_data
bambu,inrb-sitrep-136-2026-09-27,2026-09-27,202,46,present_with_data
beni-cod,inrb-sitrep-136-2026-09-27,2026-09-27,337,222,present_with_data
biena,inrb-sitrep-136-2026-09-27,2026-09-27,18,7,present_with_data
boga,inrb-sitrep-136-2026-09-27,2026-09-27,2,2,present_with_data
boma-mangbetu,inrb-sitrep-136-2026-09-27,2026-09-27,39,17,present_with_data
bulu,inrb-sitrep-136-2026-09-27,2026-09-27,2,1,present_with_data
bunia,inrb-sitrep-136-2026-09-27,2026-09-27,1705,550,present_with_data
buta,inrb-sitrep-136-2026-09-27,2026-09-27,1,1,present_with_data
butembo,inrb-sitrep-136-2026-09-27,2026-09-27,257,166,present_with_data
damas,inrb-sitrep-136-2026-09-27,2026-09-27,40,9,present_with_data
drodro,inrb-sitrep-136-2026-09-27,2026-09-27,15,7,present_with_data
dungu,inrb-sitrep-136-2026-09-27,2026-09-27,1,1,present_with_data
fataki,inrb-sitrep-136-2026-09-27,2026-09-27,82,31,present_with_data
ganga,inrb-sitrep-136-2026-09-27,2026-09-27,3,2,present_with_data
gety,inrb-sitrep-136-2026-09-27,2026-09-27,7,3,present_with_data
goma-cod,inrb-sitrep-136-2026-09-27,2026-09-27,1,0,present_with_data
gombari,inrb-sitrep-136-2026-09-27,2026-09-27,3,1,present_with_data
isiro,inrb-sitrep-136-2026-09-27,2026-09-27,101,43,present_with_data
kabondo,inrb-sitrep-136-2026-09-27,2026-09-27,5,1,present_with_data
kalunguta,inrb-sitrep-136-2026-09-27,2026-09-27,53,18,present_with_data
kambala,inrb-sitrep-136-2026-09-27,2026-09-27,2,0,present_with_data
katwa,inrb-sitrep-136-2026-09-27,2026-09-27,559,355,present_with_data
kayna,inrb-sitrep-136-2026-09-27,2026-09-27,1,0,present_with_data
kilo,inrb-sitrep-136-2026-09-27,2026-09-27,35,12,present_with_data
komanda,inrb-sitrep-136-2026-09-27,2026-09-27,167,101,present_with_data
kyondo,inrb-sitrep-136-2026-09-27,2026-09-27,33,20,present_with_data
lita,inrb-sitrep-136-2026-09-27,2026-09-27,283,141,present_with_data
logo,inrb-sitrep-136-2026-09-27,2026-09-27,13,5,present_with_data
lolwa,inrb-sitrep-136-2026-09-27,2026-09-27,33,8,present_with_data
lubero,inrb-sitrep-136-2026-09-27,2026-09-27,21,11,present_with_data
lubunga,inrb-sitrep-136-2026-09-27,2026-09-27,1,0,present_with_data
mabalako,inrb-sitrep-136-2026-09-27,2026-09-27,31,11,present_with_data
mahagi-cod,inrb-sitrep-136-2026-09-27,2026-09-27,4,1,present_with_data
makiso-kisangani-cod,inrb-sitrep-136-2026-09-27,2026-09-27,23,10,present_with_data
mambasa,inrb-sitrep-136-2026-09-27,2026-09-27,29,11,present_with_data
mandima,inrb-sitrep-136-2026-09-27,2026-09-27,120,67,present_with_data
mangala,inrb-sitrep-136-2026-09-27,2026-09-27,346,153,present_with_data
mangobo,inrb-sitrep-136-2026-09-27,2026-09-27,5,3,present_with_data
manguredjipa,inrb-sitrep-136-2026-09-27,2026-09-27,13,5,present_with_data
masereka,inrb-sitrep-136-2026-09-27,2026-09-27,28,9,present_with_data
miti-murhesa,inrb-sitrep-136-2026-09-27,2026-09-27,3,1,present_with_data
mongbwalu,inrb-sitrep-136-2026-09-27,2026-09-27,698,328,present_with_data
musienene,inrb-sitrep-136-2026-09-27,2026-09-27,122,66,present_with_data
mutwanga,inrb-sitrep-136-2026-09-27,2026-09-27,12,2,present_with_data
nia-nia,inrb-sitrep-136-2026-09-27,2026-09-27,293,159,present_with_data
nizi,inrb-sitrep-136-2026-09-27,2026-09-27,772,278,present_with_data
nyankunde,inrb-sitrep-136-2026-09-27,2026-09-27,128,37,present_with_data
oicha,inrb-sitrep-136-2026-09-27,2026-09-27,26,14,present_with_data
pawa,inrb-sitrep-136-2026-09-27,2026-09-27,80,37,present_with_data
rimba,inrb-sitrep-136-2026-09-27,2026-09-27,12,4,present_with_data
rungu,inrb-sitrep-136-2026-09-27,2026-09-27,2,1,present_with_data
rwampara,inrb-sitrep-136-2026-09-27,2026-09-27,1079,363,present_with_data
tchomia,inrb-sitrep-136-2026-09-27,2026-09-27,76,25,present_with_data
tshopo-cod,inrb-sitrep-136-2026-09-27,2026-09-27,1,0,present_with_data
viadana,inrb-sitrep-136-2026-09-27,2026-09-27,6,1,present_with_data
vuhovi,inrb-sitrep-136-2026-09-27,2026-09-27,29,8,present_with_data
wamba,inrb-sitrep-136-2026-09-27,2026-09-27,109,40,present_with_data
wanie-rukula,inrb-sitrep-136-2026-09-27,2026-09-27,1,1,present_with_data
